,name_txt_file,short_description,category,availability,price,images,full_description
8,2022-10-14_18-44-21_UTC.txt,"ü¶â –î–ï–†–ï–í–Ø–ù–ù–ê–Ø –ò–ì–†–ê-–ë–ê–õ–ê–ù–° ¬´–ë–∞–ª–∞–Ω—Å–∏—Ä—É—é—â–∞—è —Å–æ–≤–∞¬ª (–∞–Ω–∞–ª–æ–≥ ""Ze Balanceo"")
",–î—Ä—É–≥–æ–µ,1,1900,"http://localhost:8888/sabi/wp-content/uploads/2023/02/2022-10-14_18-44-21_UTC_1.jpg,http://localhost:8888/sabi/wp-content/uploads/2023/02/2022-10-14_18-44-21_UTC_2.jpg,http://localhost:8888/sabi/wp-content/uploads/2023/02/2022-10-14_18-44-21_UTC_3.jpg,http://localhost:8888/sabi/wp-content/uploads/2023/02/2022-10-14_18-44-21_UTC_4.jpg,http://localhost:8888/sabi/wp-content/uploads/2023/02/2022-10-14_18-44-21_UTC_5.jpg","üìå –û–ü–ò–°–ê–ù–ò–ï: –ò–≥—Ä–∞ ‚Äú–ë–∞–ª–∞–Ω—Å–∏—Ä—É—é—â–∞—è —Å–æ–≤–∞"" - —É–≤–ª–µ–∫–∞—Ç–µ–ª—å–Ω–æ–µ –∑–∞–Ω—è—Ç–∏–µ –¥–ª—è —Ç—Ä–µ–Ω–∏—Ä–æ–≤–∫–∏ –±–∞–ª–∞–Ω—Å–∞, –∫–∞–∫ –æ–¥–Ω–æ–º—É, —Ç–∞–∫ –∏ –≤–º–µ—Å—Ç–µ —Å –¥—Ä—É–∑—å—è–º–∏.‚†Ä–ù–∞ —Ñ–∏–≥—É—Ä–∫–µ —Å–æ–≤—ã —Å –≤—ã–ø—É–∫–ª—ã–º –æ—Å–Ω–æ–≤–∞–Ω–∏–µ–º —Ä–µ–±–µ–Ω–∫—É –ø—Ä–µ–¥–ª–∞–≥–∞–µ—Ç—Å—è –≤—ã—Å—Ç—Ä–∞–∏–≤–∞—Ç—å –∫–æ–Ω—Å—Ç—Ä—É–∫—Ü–∏—é –∏–∑ —Ü–≤–µ—Ç–Ω—ã—Ö –æ–±—å–µ–º–Ω—ã—Ö –≥–µ–æ–º–µ—Ç—Ä–∏—á–µ—Å–∫–∏—Ö —Ñ–∏–≥—É—Ä.‚†Ä–ì–ª–∞–≤–Ω–æ–µ –ø—Ä–∞–≤–∏–ª–æ - –Ω–∏ –æ–¥–Ω–∞ —Ñ–∏–≥—É—Ä–∫–∞ –Ω–µ –¥–æ–ª–∂–Ω–∞ —É–ø–∞—Å—Ç—å!‚†Ä–§–∏–≥—É—Ä–∫–∞ –≤—ã–±–∏—Ä–∞–µ—Ç—Å—è —Å –ø–æ–º–æ—â—å—é –∏–≥—Ä–∞–ª—å–Ω–æ–≥–æ –∫—É–±–∏–∫–∞, –≤—Ö–æ–¥—è—â–µ–≥–æ –≤ –∫–æ–º–ø–ª–µ–∫—Ç –∏–≥—Ä—ã.‚†Ä–ò–≥—Ä–∞-–±–∞–ª–∞–Ω—Å –ø–æ–º–æ–∂–µ—Ç –æ—Å–≤–æ–∏—Ç—å —Ç–∞–∫–∏–µ –Ω–∞–≤—ã–∫–∏ –∫–∞–∫:‚†Ä- –∫–æ–Ω—Ü–µ–Ω—Ç—Ä–∞—Ü–∏—è –≤–Ω–∏–º–∞–Ω–∏—è;‚†Ä- –ª–æ–≤–∫–æ—Å—Ç—å —Ä—É–∫;‚†Ä- –º–µ–ª–∫—É—é –º–æ—Ç–æ—Ä–∏–∫—É;‚†Ä- —É–º–µ–Ω–∏–µ —á—É–≤—Å—Ç–≤–æ–≤–∞—Ç—å —Ä–∞–≤–Ω–æ–≤–µ—Å–∏–µ –∏ –±–∞–ª–∞–Ω—Å.‚†Ä–ò–≥—Ä—É—à–∫–∞ —è–≤–ª—è–µ—Ç—Å—è –∞–Ω–∞–ª–æ–≥–æ–º –ø–æ–ø—É–ª—è—Ä–Ω–æ–π –∏–≥—Ä—ã ""Ze Balanceo"".üë∂ –í–û–ó–†–ê–°–¢: –æ—Ç 3-—Ö –ª–µ—Çüß™ –ú–ê–¢–ï–†–ò–ê–õ: –¥–µ—Ä–µ–≤–æüõçÔ∏è –£–ü–ê–ö–û–í–ö–ê: —Ü–≤–µ—Ç–Ω–∞—è –∫–æ—Ä–æ–±–∫–∞üì¶ –ö–û–õ-–í–û –í –¢–†–ê–ù–°–ü–û–†–¢–ù–û–ô –ö–û–†–û–ë–ö–ï: 48 —à—Ç."
21,2022-05-03_17-18-27_UTC.txt,"üçâü•ù –î–ï–†–ï–í–Ø–ù–ù–ê–Ø –ù–ê–†–ï–ó–ö–ê ¬´–§—Ä—É–∫—Ç—ã¬ª –Ω–∞ –ª–∏–ø—É—á–∫–∞—Ö
",–î—Ä—É–≥–æ–µ,1,1200,"http://localhost:8888/sabi/wp-content/uploads/2023/02/2022-05-03_17-18-27_UTC_1.jpg,http://localhost:8888/sabi/wp-content/uploads/2023/02/2022-05-03_17-18-27_UTC_2.jpg,http://localhost:8888/sabi/wp-content/uploads/2023/02/2022-05-03_17-18-27_UTC_3.jpg,http://localhost:8888/sabi/wp-content/uploads/2023/02/2022-05-03_17-18-27_UTC_4.jpg,http://localhost:8888/sabi/wp-content/uploads/2023/02/2022-05-03_17-18-27_UTC_5.jpg","‚û°Ô∏è –û—Ç–ª–∏—á–Ω—ã–π –Ω–∞–±–æ—Ä –∫—Ä—É–ø–Ω—ã—Ö —Ñ—Ä—É–∫—Ç–æ–≤ –∏–∑ –¥–µ—Ä–µ–≤–∞ (9 —à—Ç), –¥–µ—Ä–µ–≤—è–Ω–Ω–æ–π –¥–æ—Å—Ç–æ—á–∫–∏-–ø–æ–¥—Å—Ç–∞–≤–∫–∏ —Å –≤—ã–µ–º–∫–∞–º–∏ –ø–æ–¥ –∫–∞–∂–¥—É—é —Ñ–∏–≥—É—Ä–∫—É –∏ –¥–µ—Ä–µ–≤—è–Ω–Ω–æ–≥–æ –Ω–æ–∂–∞ –≤ –∫–æ–º–ø–ª–µ–∫—Ç–µ.‚†Ä–ö–∞–∂–¥—ã–π –∏–Ω–≥—Ä–µ–¥–∏–µ–Ω—Ç —Å–æ—Å—Ç–æ–∏—Ç –∏–∑ –ø–∞—Ä–Ω—ã—Ö —á–∞—Å—Ç–µ–π, —Å–∫—Ä–µ–ø–ª–µ–Ω–Ω—ã—Ö —Å –ø–æ–º–æ—â—å—é –ª–∏–ø—É—á–µ–∫, —á—Ç–æ –ø–æ–∑–≤–æ–ª—è–µ—Ç –º–∞–ª—ã—à–∞–º –∏–º–∏—Ç–∏—Ä–æ–≤–∞—Ç—å –ø—Ä–æ—Ü–µ—Å—Å –Ω–∞—Ä–µ–∑–∫–∏ —Ç–æ–≥–æ –∏–ª–∏ –∏–Ω–æ–≥–æ –ø—Ä–æ–¥—É–∫—Ç–∞, –∞ –∑–∞—Ç–µ–º –ª–µ–≥–∫–æ —Å–æ–µ–¥–∏–Ω—è—Ç—å –∏ —Ä–∞—Å—Å—Ç–∞–≤–∏—Ç—å –ø–æ —Å–≤–æ–∏–º –º–µ—Å—Ç–∞–º.‚†Ä–≠—Ç–æ—Ç –∏–≥—Ä–æ–≤–æ–π –Ω–∞–±–æ—Ä –Ω–∞—É—á–∏—Ç –≤–∞—à–µ–≥–æ —Ä–µ–±–µ–Ω–∫–∞ –ø–æ–ª—å–∑–æ–≤–∞—Ç—å—Å—è –Ω–æ–∂–æ–º, —Ä–∞–∑–¥–µ–ª–æ—á–Ω–æ–π –¥–æ—Å–∫–æ–π, –∞ —Ç–∞–∫ –∂–µ –ø–æ–∑–Ω–∞–∫–æ–º–∏—Ç –µ–≥–æ —Å —Ñ—Ä—É–∫—Ç–∞–º–∏.‚†Ä–ò–≥—Ä–∞ –ø—Ä–µ–∫—Ä–∞—Å–Ω–æ –ø–æ–¥—Ö–æ–¥–∏—Ç –¥–ª—è —Ä–∞–∑–≤–∏—Ç–∏—è –º–æ—Ç–æ—Ä–∏–∫–∏, –ª–æ–≥–∏–∫–∏, —Ñ–∞–Ω—Ç–∞–∑–∏–∏, –ø–æ–ø–æ–ª–Ω–µ–Ω–∏—è —Å–ª–æ–≤–∞—Ä–Ω–æ–≥–æ –∑–∞–ø–∞—Å–∞, –∏–∑—É—á–µ–Ω–∏—è —Ç–∞–∫–∏—Ö –ø–æ–Ω—è—Ç–∏–π –∫–∞–∫ ""—Ü–µ–ª–æ–µ"" –∏ ""–ø–æ–ª–æ–≤–∏–Ω–∫–∞"", –¥–ª—è —Å—é–∂–µ—Ç–Ω–æ-—Ä–æ–ª–µ–≤—ã—Ö –∏–≥—Ä —Å –∫—É—Ö–Ω—è–º–∏ –∏ –ø–æ—Å—É–¥–æ–π.üë∂ –í–û–ó–†–ê–°–¢: –æ—Ç 3-–ª–µ—Çüß™ –ú–ê–¢–ï–†–ò–ê–õ: –¥–µ—Ä–µ–≤–æüõçÔ∏è –£–ü–ê–ö–û–í–ö–ê: —Ç–µ—Ä–º–æ–ø–ª–µ–Ω–∫–∞üì¶ –ö–û–õ-–í–û –í –¢–†–ê–ù–°–ü–û–†–¢–ù–û–ô –ö–û–†–û–ë–ö–ï: 60 —à—Ç.....................................................................................‚ÄºÔ∏è –†–∞–±–æ—Ç–∞–µ–º —Ç–æ–ª—å–∫–æ –û–ü–¢–û–úüí∞ –ú–∏–Ω–∏–º–∞–ª—å–Ω–∞—è —Å—É–º–º–∞ –æ–ø—Ç–æ–≤–æ–≥–æ –∑–∞–∫–∞–∑–∞: 50 000 KZTüá∞üáø (–¥–ª—è –ö–∞–∑–∞—Ö—Å—Ç–∞–Ω–∞) –∏ 10 000 RUBüá∑üá∫ (–¥–ª—è —Å—Ç—Ä–∞–Ω –°–ù–ì)üöö –î–æ—Å—Ç–∞–≤–∫–∞ –ø–æ KAZ üá∞üáø, RUS üá∑üá∫, KRG üá∞üá¨üó£Ô∏è –ü–æ –≤–æ–ø—Ä–æ—Å–∞–º —Å–æ—Ç—Ä—É–¥–Ω–∏—á–µ—Å—Ç–≤–∞ –∏ —Ä–∞–∑–º–µ—â–µ–Ω–∏—è –∑–∞—è–≤–æ–∫: üì≤WhatsApp: +7-777-400-81-96 (–ª–∏–±–æ –ø–æ —Å—Å—ã–ª–∫–µ –≤ —à–∞–ø–∫–µ –ø—Ä–æ—Ñ–∏–ª—è –ò–Ω—Å—Ç–∞–≥—Ä–∞–º–º)"
61,2022-07-04_05-52-58_UTC.txt,"ü¶âüê§üêß –ö–ê–¢–ê–õ–ö–ê –° –†–£–ß–ö–û–ô-–î–ï–†–ñ–ê–¢–ï–õ–ï–ú ¬´–¶—ã–ø–ª–µ–Ω–æ–∫¬ª/¬´–ü–∏–Ω–≥–≤–∏–Ω¬ª/¬´–°–æ–≤–∞¬ª
",–î—Ä—É–≥–æ–µ,1,3150,"http://localhost:8888/sabi/wp-content/uploads/2023/02/2022-07-04_05-52-58_UTC_1.jpg,http://localhost:8888/sabi/wp-content/uploads/2023/02/2022-07-04_05-52-58_UTC_2.jpg,http://localhost:8888/sabi/wp-content/uploads/2023/02/2022-07-04_05-52-58_UTC_3.jpg,http://localhost:8888/sabi/wp-content/uploads/2023/02/2022-07-04_05-52-58_UTC_4.jpg",‚†Ä‚†ÄüóíÔ∏è –ò–ù–§–û–†–ú–ê–¶–ò–Ø –û –ü–†–û–î–£–ö–¢–ï: –ò–≥—Ä—É—à–∫–∞ –¥–ª—è —Ä–∞–∑–≤–∏—Ç–∏—è –∫–æ–æ—Ä–¥–∏–Ω–∞—Ü–∏–∏ –¥–≤–∏–∂–µ–Ω–∏–π –∏ –¥–≤–∏–≥–∞—Ç–µ–ª—å–Ω–æ–π –∞–∫—Ç–∏–≤–Ω–æ—Å—Ç–∏ –º–∞–ª—ã—à–∞.‚†Ä–ò–≥—Ä—É—à–∫–∞ –≤—ã–ø–æ–ª–Ω–µ–Ω–∞ –≤ –≤–∏–¥–µ –∫—Ä–∞—Å–æ—á–Ω–æ–π –ø—Ç–∏—á–∫–∏ —Å –ø–æ–¥–≤–∏–∂–Ω—ã–º–∏ –∫—Ä—ã–ª—å—è–º–∏.‚†Ä–ò–≥—Ä–∞ —Å–æ–ø—Ä–æ–≤–æ–∂–¥–∞–µ—Ç—Å—è —Å–≤–µ—Ç–æ–≤—ã–º–∏ —ç—Ñ—Ñ–µ–∫—Ç–∞–º–∏ (–±–∞—Ç–∞—Ä–µ–π–∫–∏ –≤—Ö–æ–¥—è—Ç –≤ –∫–æ–º–ø–ª–µ–∫—Ç)üß™ –ú–ê–¢–ï–†–ò–ê–õ: –ø–ª–∞—Å—Ç–∏–∫üìè –†–ê–ó–ú–ï–†: 48 —Å–º (–¥–ª–∏–Ω–∞ —Å —Ä—É—á–∫–æ–π)üõçÔ∏è –£–ü–ê–ö–û–í–ö–ê: —Ü–≤–µ—Ç–Ω–∞—è –∫–æ—Ä–æ–±–∫–∞ —Å –ø—Ä–æ–∑—Ä–∞—á–Ω—ã–º –æ–∫–æ—à–∫–æ–ºüì¶ –ö–û–õ-–í–û –í –¢–†–ê–ù–°–ü–û–†–¢–ù–û–ô –ö–û–†–û–ë–ö–ï: 24 —à—Ç.
68,2021-05-03_12-04-50_UTC.txt,"üïπÔ∏è –ò–ì–†–ê - –õ–ê–ë–ò–†–ò–ù–¢ –° –î–ñ–û–ô–°–¢–ò–ö–û–ú ""4 –ø–ª–æ—â–∞–¥–∫–∏""
",–î—Ä—É–≥–æ–µ,0,2400,"http://localhost:8888/sabi/wp-content/uploads/2023/02/2021-05-03_12-04-50_UTC_1.jpg,http://localhost:8888/sabi/wp-content/uploads/2023/02/2021-05-03_12-04-50_UTC_2.jpg,http://localhost:8888/sabi/wp-content/uploads/2023/02/2021-05-03_12-04-50_UTC_3.jpg,http://localhost:8888/sabi/wp-content/uploads/2023/02/2021-05-03_12-04-50_UTC_4.jpg","‚û°Ô∏è–ò–≥—Ä–æ–≤–æ–π –Ω–∞–±–æ—Ä –õ–∞–±–∏—Ä–∏–Ω—Ç ¬´4 –ø–ª–æ—â–∞–¥–∫–∏¬ª —Å—Ç–∞–Ω–µ—Ç –∏–Ω—Ç–µ—Ä–µ—Å–Ω—ã–º –∏¬†—Ñ—É–Ω–∫—Ü–∏–æ–Ω–∞–ª—å–Ω—ã–º –ø–æ–¥–∞—Ä–∫–æ–º –¥–ª—è –∫–∞–∂–¥–æ–≥–æ —Ä–µ–±–µ–Ω–∫–∞!‚†Ä–ò–≥—Ä–∞, –≤ –∫–æ—Ç–æ—Ä—É—é –º–æ–∂–Ω–æ –∏–≥—Ä–∞—Ç—å –≤ –æ–¥–∏–Ω–æ—á–µ—Å—Ç–≤–µ - –∏–ª–∏ —Å–æ—Ä–µ–≤–Ω–æ–≤–∞—Ç—å—Å—è —Å –¥—Ä—É–∑—å—è–º–∏.‚†Ä–ò—Å–ø–æ–ª—å–∑—É—è —Ä—É—á–∫—É-–¥–∂–æ–π—Å—Ç–∏–∫ –∏ –Ω–∞–∫–ª–æ–Ω—è—è –¥–æ—Å–∫—É –≤ –ª—é–±–æ–º –Ω–∞–ø—Ä–∞–≤–ª–µ–Ω–∏–∏, –í—ã –¥–æ–ª–∂–Ω—ã –ø—Ä–æ–π—Ç–∏ –≤—Å–µ –ª–∞–±–∏—Ä–∏–Ω—Ç—ã, —á—Ç–æ–±—ã –¥–æ–±—Ä–∞—Ç—å—Å—è –¥–æ —Ñ–∏–Ω–∏—à–∞.‚†Ä–ü–æ–±–µ–∂–¥–∞–µ—Ç —Ç–æ—Ç, –∫—Ç–æ —Å–¥–µ–ª–∞–µ—Ç —ç—Ç–æ –∑–∞ –Ω–∞–∏–º–µ–Ω—å—à–µ–µ –≤—Ä–µ–º—è!‚†Ä–ò–≥—Ä–∞ —Ç—Ä–µ–Ω–∏—Ä—É–µ—Ç –∫–æ–æ—Ä–¥–∏–Ω–∞—Ü–∏—é —Ä—É–∫, –≤–∏–∑—É–∞–ª—å–Ω—ã–π –±–∞–ª–∞–Ω—Å –∏ –Ω–∞–±–ª—é–¥–µ–Ω–∏–µ, —Ä–∞–∑–≤–∏–≤–∞–µ—Ç –≤–Ω–∏–º–∞—Ç–µ–ª—å–Ω–æ—Å—Ç—å –∏ —É—Å–∏–¥—á–∏–≤–æ—Å—Ç—å, —É—á–∏—Ç —Ç–µ—Ä–ø–µ–Ω–∏—é, —Å–ø–æ—Å–æ–±—Å—Ç–≤—É–µ—Ç —Ä–∞–∑–≤–∏—Ç–∏—é –≤–Ω–∏–º–∞—Ç–µ–ª—å–Ω–æ—Å—Ç–∏, –∫–æ–æ—Ä–¥–∏–Ω–∞—Ü–∏–∏ –¥–≤–∏–∂–µ–Ω–∏–π, –ª–æ–≥–∏—á–µ—Å–∫–æ–≥–æ –∏ –ø—Ä–æ—Å—Ç—Ä–∞–Ω—Å—Ç–≤–µ–Ω–Ω–æ–≥–æ –º—ã—à–ª–µ–Ω–∏—è.‚†Ä–ò–≥—Ä—É—à–∫–∞ –≤—ã–ø–æ–ª–Ω–µ–Ω–∞ –∏–∑ –±–µ–∑–æ–ø–∞—Å–Ω—ã—Ö –¥–ª—è –∑–¥–æ—Ä–æ–≤—å—è –¥–µ—Ç–µ–π –º–∞—Ç–µ—Ä–∏–∞–ª–æ–≤.‚†Ä–†–∞–∑–º–µ—Ä: 23*21*10 —Å–º."
74,2021-07-11_10-54-38_UTC.txt,"üë∂ –î–ï–¢–°–ö–ê–Ø –ò–ì–†–£–®–ö–ê ¬´–°–ü–ò–ù–ù–ï–† - –ü–û–ü-–ò–¢¬ª –Ω–∞ –ø—Ä–∏—Å–æ—Å–∫–µ (3 —à—Ç)
",–î—Ä—É–≥–æ–µ,1,0,"http://localhost:8888/sabi/wp-content/uploads/2023/02/2021-07-11_10-54-38_UTC_1.jpg,http://localhost:8888/sabi/wp-content/uploads/2023/02/2021-07-11_10-54-38_UTC_2.jpg,http://localhost:8888/sabi/wp-content/uploads/2023/02/2021-07-11_10-54-38_UTC_3.jpg,http://localhost:8888/sabi/wp-content/uploads/2023/02/2021-07-11_10-54-38_UTC_4.jpg,http://localhost:8888/sabi/wp-content/uploads/2023/02/2021-07-11_10-54-38_UTC_5.jpg,http://localhost:8888/sabi/wp-content/uploads/2023/02/2021-07-11_10-54-38_UTC_6.jpg,http://localhost:8888/sabi/wp-content/uploads/2023/02/2021-07-11_10-54-38_UTC_7.jpg,http://localhost:8888/sabi/wp-content/uploads/2023/02/2021-07-11_10-54-38_UTC_8.jpg","- –≤ —Ü–≤–µ—Ç–Ω–æ–π –∫–æ—Ä–æ–±–∫–µ - 1 900 KZT üá∞üáø / 271 RUB üá∑üá∫- –≤ –ø–æ–ª–∏—ç—Ç–∏–ª.–º–µ—à–æ—á–∫–µ - 1 700 KZT üá∞üáø / 243 RUB üá∑üá∫‚û°Ô∏è –ù–∞–±–æ—Ä –∏–∑ 3-—Ö —è—Ä–∫–∏—Ö –≤—Ä–∞—â–∞—é—â–∏—Ö—Å—è –∏–≥—Ä—É—à–µ–∫-—Å–ø–∏–Ω–Ω–µ—Ä–æ–≤ –¥–ª—è –º–∞–ª–µ–Ω—å–∫–∏—Ö –¥–µ—Ç–∏—à–µ–∫ –Ω–µ –æ—Ç—Å—Ç–∞—é—â–∏—Ö –æ—Ç –ø–æ—Å–ª–µ–¥–Ω–∏—Ö –º–∏—Ä–æ–≤—ã—Ö —Ç—Ä–µ–Ω–¥–æ–≤!‚†Ä–î–µ—Ç—Å–∫–∏–µ —Å–ø–∏–Ω–Ω–µ—Ä—ã –Ω–∞ –ø—Ä–∏—Å–æ—Å–∫–µ - —É–≤–ª–µ–∫–∞—Ç–µ–ª—å–Ω–∞—è –∏–≥—Ä—É—à–∫–∞, –∫–æ—Ç–æ—Ä–∞—è –Ω–∞–¥–æ–ª–≥–æ –∑–∞–π–º–µ—Ç –≤–Ω–∏–º–∞–Ω–∏–µ –º–∞–ª–µ–Ω—å–∫–æ–≥–æ –Ω–µ–ø–æ—Å–µ–¥—ã –≤ –ª—é–±–æ–µ –≤—Ä–µ–º—è –∏ –≤ –ª—é–±–æ–º –º–µ—Å—Ç–µ.‚†Ä–í –Ω–∞–±–æ—Ä –≤—Ö–æ–¥—è—Ç 3 –∏–≥—Ä—É—à–∫–∏-—Å–ø–∏–Ω–Ω–µ—Ä–∞: 2, 3 –∏ 4-–º—è —è—Ä–∫–∏–º–∏ —Å–∏–ª–∏–∫–æ–Ω–æ–≤—ã–º–∏ –ª–µ–ø–µ—Å—Ç–∫–∞–º–∏-–ø—É–ø—ã—Ä–∫–∞–º–∏.‚†Ä–ò–≥—Ä—É—à–∫–∞ –≤—ã–ø–æ–ª–Ω–µ–Ω–∞ –≤ —è—Ä–∫–∏—Ö —Ü–≤–µ—Ç–∞—Ö —Å –≤–µ—Å—ë–ª—ã–º–∏ –ø–µ—Ä—Å–æ–Ω–∞–∂–∞–º–∏ –Ω–∞ –ª–∏—Ü–µ–≤–æ–π —Å—Ç–æ—Ä–æ–Ω–µ.‚†Ä–ù–∞ –ª–µ–ø–µ—Å—Ç–∫–∞—Ö-–ø—É–ø—ã—Ä–∫–∞—Ö –Ω–∞–Ω–µ—Å–µ–Ω—ã —Ç–∞–∫—Ç–∏–ª—å–Ω—ã–µ —Ä–∏—Å—É–Ω–∫–∏, –¥–ª—è —Å—Ç–∏–º—É–ª—è—Ü–∏–∏ —Å–µ–Ω—Å–æ—Ä–Ω–æ–≥–æ –≤–æ—Å–ø—Ä–∏—è—Ç–∏—è –º–∞–ª—ã—à–∞.‚†Ä–°–∑–∞–¥–∏ –∏–º–µ–µ—Ç—Å—è —Å—ä—ë–º–Ω–∞—è –ø—Ä–∏—Å–æ—Å–∫–∞, –∫–æ—Ç–æ—Ä–∞—è –Ω–∞–¥—ë–∂–Ω–æ –∫—Ä–µ–ø–∏—Ç —Å–ø–∏–Ω–Ω–µ—Ä –Ω–∞ –ª—é–±—É—é —Ä–æ–≤–Ω—É—é –ø–æ–≤–µ—Ä—Ö–Ω–æ—Å—Ç—å.‚†Ä–ü—Ä–∏–∫—Ä–µ–ø–∏—Ç–µ –∏—Ö –∫ –ª—é–±–æ–π –≥–ª–∞–¥–∫–æ–π (–Ω–µ–ø–æ—Ä–∏—Å—Ç–æ–π) –ø–æ–≤–µ—Ä—Ö–Ω–æ—Å—Ç–∏, –Ω–∞–ø—Ä–∏–º–µ—Ä –∫ —Å—Ç–µ–Ω–µ, —Å—Ç–æ–ª–µ—à–Ω–∏—Ü–µ, –æ–∫–Ω—É, —Ö–æ–ª–æ–¥–∏–ª—å–Ω–∏–∫—É –∏–ª–∏ —Å—Ç–µ–Ω–∫–µ –≤–∞–Ω–Ω–æ–π –∏ –∑–∞–ø—É—Å—Ç–∏—Ç–µ –≤—Ä–∞—â–µ–Ω–∏–µ ...‚†Ä–£–≤–ª–µ–∫–∞—Ç–µ–ª—å–Ω–æ–µ –∏ –∑–∞–≤–æ—Ä–∞–∂–∏–≤–∞—é—â–µ–µ –æ—â—É—â–µ–Ω–∏–µ –¥–ª—è —Ä—É–∫ –∏ –≥–ª–∞–∑!‚†Ä–≠—Ç—É –∑–∞–Ω–∏–º–∞—Ç–µ–ª—å–Ω—É—é –∏–≥—Ä—É—à–∫—É –º–æ–∂–Ω–æ –±—Ä–∞—Ç—å —Å —Å–æ–±–æ–π –≤ –≤–∞–Ω–Ω—É—é. –ü–æ–¥—à–∏–ø–Ω–∏–∫–∏ –∏–∑ –≤—ã—Å–æ–∫–æ–∫–∞—á–µ—Å—Ç–≤–µ–Ω–Ω–æ–≥–æ –ø–ª–∞—Å—Ç–∏–∫–∞ - –Ω–µ —Ä–∂–∞–≤–µ—é—Ç –∏ –Ω–µ —Ä–∞–∑–ª–∞–≥–∞—é—Ç—Å—è –≤ –≤–æ–¥–µ.‚†Ä–ò–≥—Ä—É—à–∫–∏ —Å—Ç–∏–º—É–ª–∏—Ä—É—é—Ç –º–µ–ª–∫—É—é –º–æ—Ç–æ—Ä–∏–∫—É, —Å–µ–Ω—Å–æ—Ä–Ω–æ–µ –∏–∑—É—á–µ–Ω–∏–µ, –ø–æ–Ω–∏–º–∞–Ω–∏–µ –ø—Ä–∏—á–∏–Ω–Ω–æ-—Å–ª–µ–¥—Å—Ç–≤–µ–Ω–Ω—ã—Ö —Å–≤—è–∑–µ–π. –ü–æ–º–æ–≥–∞–µ—Ç –¥–µ—Ç—è–º —Å¬†—Å–∏–Ω–¥—Ä–æ–º–∞–º–∏ –¥–µ—Ñ–∏—Ü–∏—Ç–∞ –≤–Ω–∏–º–∞–Ω–∏—è –∏¬†–≥–∏–ø–µ—Ä–∞–∫—Ç–∏–≤–Ω–æ—Å—Ç–∏ –ª—É—á—à–µ —Å—Ñ–æ–∫—É—Å–∏—Ä–æ–≤–∞—Ç—å –∏ —Å–æ—Å—Ä–µ–¥–æ—Ç–∞—á–∏–≤–∞—Ç—å —Å–≤–æ–µ –≤–Ω–∏–º–∞–Ω–∏–µ.‚†Ä–ò–≥—Ä—É—à–∫–∞ –≤—ã–ø–æ–ª–Ω–µ–Ω–∞ –∏–∑ ABS-–ø–ª–∞—Å—Ç–∏–∫–∞, –Ω–µ –∏–º–µ–µ—Ç –∑–∞–ø–∞—Ö–∞ –∏ –∞–±—Å–æ–ª—é—Ç–Ω–æ –±–µ–∑–æ–ø–∞—Å–Ω–∞ –¥–ª—è —Ä–µ–±—ë–Ω–∫–∞.‚†Ä–û—Ç–ª–∏—á–Ω–∞—è –∏–≥—Ä—É—à–∫–∞ –≤ –¥–æ—Ä–æ–≥—É.‚†Ä–ü–æ–¥—Ö–æ–¥–∏—Ç –¥–ª—è –¥–µ—Ç–µ–π –æ—Ç 1 –≥–æ–¥–∞ –∏ —Å—Ç–∞—Ä—à–µ.üë∂ –í–û–ó–†–ê–°–¢: –æ—Ç 3-—Ö –ª–µ—Çüß™ –ú–ê–¢–ï–†–ò–ê–õ: –≤—ã—Å–æ–∫–æ–∫–∞—á–µ—Å—Ç–≤–µ–Ω–Ω—ã–π ABS-–ø–ª–∞—Å—Ç–∏–∫üõçÔ∏è –£–ü–ê–ö–û–í–ö–ê: —Ü–≤–µ—Ç–Ω–∞—è –∫–æ—Ä–æ–±–∫–∞ / –ø–æ–ª–∏—ç—Ç–∏–ª–µ–Ω–æ–≤—ã–π –º–µ—à–æ–∫üì¶ –ö–û–õ-–í–û –í –¢–†–ê–ù–°–ü–û–†–¢–ù–û–ô –ö–û–†–û–ë–ö–ï: 60 —à—Ç. (–≤ —Ü–≤–µ—Ç–Ω–æ–π –∫–æ—Ä–æ–±–∫–µ); 100 —à—Ç. (–≤ —Ü–µ–ª–æ—Ñ–∞–Ω. –º–µ—à–æ—á–∫–µ)"
177,2021-09-13_07-33-44_UTC.txt,"‚è≥ –ü–ï–°–û–ß–ù–´–ï –ú–ò–ù–£–¢–ù–´–ï –ß–ê–°–´ —Å —Ü–≤–µ—Ç–Ω—ã–º –ø–µ—Å–∫–æ–º (–≤ –∞—Å—Å–æ—Ä—Ç–∏–º–µ–Ω—Ç–µ)
",–î—Ä—É–≥–æ–µ,0,750,"http://localhost:8888/sabi/wp-content/uploads/2023/02/2021-09-13_07-33-44_UTC_1.jpg,http://localhost:8888/sabi/wp-content/uploads/2023/02/2021-09-13_07-33-44_UTC_2.jpg,http://localhost:8888/sabi/wp-content/uploads/2023/02/2021-09-13_07-33-44_UTC_3.jpg,http://localhost:8888/sabi/wp-content/uploads/2023/02/2021-09-13_07-33-44_UTC_4.jpg,http://localhost:8888/sabi/wp-content/uploads/2023/02/2021-09-13_07-33-44_UTC_5.jpg,http://localhost:8888/sabi/wp-content/uploads/2023/02/2021-09-13_07-33-44_UTC_6.jpg,http://localhost:8888/sabi/wp-content/uploads/2023/02/2021-09-13_07-33-44_UTC_7.jpg,http://localhost:8888/sabi/wp-content/uploads/2023/02/2021-09-13_07-33-44_UTC_8.jpg","‚û°Ô∏è –û—Ç–ª–∏—á–Ω—ã–µ –Ω–µ–∑–∞–º–µ–Ω–∏–º—ã–µ –ø–æ–º–æ—â–Ω–∏–∫–∏ –¥–ª—è –≤—ã–ø–æ–ª–Ω–µ–Ω–∏—è –∏ –∫–æ–Ω—Ç—Ä–æ–ª—è –ø—Ä–æ—Å—Ç—ã—Ö –∏ –µ–∂–µ–¥–Ω–µ–≤–Ω—ã—Ö –∑–∞–¥–∞—á!‚†Ä–ò–¥–µ–∞–ª—å–Ω—ã–µ –ø–æ–º–æ—â–Ω–∏–∫–∏ –¥–ª—è –¥–µ—Ç–µ–π, –∫–æ—Ç–æ—Ä—ã–µ –µ—â—ë –Ω–µ –Ω–∞—É—á–∏–ª–∏—Å—å –æ–ø—Ä–µ–¥–µ–ª—è—Ç—å –∏ –∑–∞–º–µ—Ä—è—Ç—å –≤—Ä–µ–º—è –ø–æ –∫–ª–∞—Å—Å–∏—á–µ—Å–∫–∏–º —á–∞—Å–∞–º.‚†Ä–ü–µ—Å–æ—á–Ω—ã–µ —á–∞—Å—ã –ø–æ–º–æ–≥–∞—é—Ç —Ä–µ–±–µ–Ω–∫—É –∫–æ–Ω—Ç—Ä–æ–ª–∏—Ä–æ–≤–∞—Ç—å –≤—Ä–µ–º—è, –≤—ã–¥–µ–ª–µ–Ω–Ω–æ–µ –Ω–∞ –≤—ã–ø–æ–ª–Ω–µ–Ω–∏–µ –æ–ø—Ä–µ–¥–µ–ª–µ–Ω–Ω–æ–π –∑–∞–¥–∞—á–∏, –º–∞–ª—ã—à –±—É–¥–µ—Ç –º–µ–Ω—å—à–µ –æ—Ç–≤–ª–µ–∫–∞—Ç—å—Å—è, —Å—Ç–∞—Ä–∞—è—Å—å –≤—ã–ø–æ–ª–Ω–∏—Ç—å –≤—Å–µ –≤ —Å—Ä–æ–∫.‚†Ä–í –∏–≥—Ä–æ–≤–æ–π —Ñ–æ—Ä–º–µ —Ä–µ–±–µ–Ω–æ–∫ –º–æ–∂–µ—Ç –≤—ã–ø–æ–ª–Ω—è—Ç—å –ø—Ä–æ—Å—Ç—ã–µ –µ–∂–µ–¥–Ω–µ–≤–Ω—ã–µ –∑–∞–¥–∞—á–∏: –ø–æ—á–∏—Å—Ç–∏—Ç—å –∑—É–±—ã, –≤—ã–ø–æ–ª–Ω–∏—Ç—å —É—Ç—Ä–µ–Ω–Ω—é—é –∑–∞—Ä—è–¥–∫—É –∏–ª–∏ —Ñ–∏–∑–∏—á–µ—Å–∫—É—é —Ä–∞–∑–º–∏–Ω–∫—É, –∑–∞–º–µ—Ä–∏—Ç—å —Å–∫–æ—Ä–æ—Å—Ç—å —á—Ç–µ–Ω–∏—è, –∏—Å–∫—É–ø–∞—Ç—å—Å—è –≤ –≤–∞–Ω–Ω–æ–π, –Ω–µ–º–Ω–æ–≥–æ –ø–æ–∏–≥—Ä–∞—Ç—å –ø–µ—Ä–µ–¥ —Å–Ω–æ–º –∏–ª–∏ –ø–æ—Å–º–æ—Ç—Ä–µ—Ç—å –º—É–ª—å—Ç–∏–∫–∏, —Ç–∞–∫–∂–µ –º–Ω–æ–∂–µ—Å—Ç–≤–æ –¥—Ä—É–≥–∏—Ö –∑–∞–Ω—è—Ç–∏–π.‚†Ä–ù–∞–±–ª—é–¥–µ–Ω–∏–µ –∑–∞ –ø–µ—Å–æ—á–Ω—ã–º–∏ —á–∞—Å–∞–º–∏ –ø–æ–º–æ–≥–∞–µ—Ç —Ä–µ–±–µ–Ω–∫—É –ø–æ–Ω—è—Ç—å, —á—Ç–æ —Ç–∞–∫–æ–µ 1 –º–∏–Ω—É—Ç–∞, —á—Ç–æ —Ç–∞–∫–æ–µ 3, 5, 10, 15 –º–∏–Ω—É—Ç.‚†Ä–ü–æ–º–æ–∂–µ—Ç —Ç–∞–∫–∂–µ –ø–æ–Ω—è—Ç—å –∏ —É–∑–Ω–∞—Ç—å, —á—Ç–æ –º–æ–∂–Ω–æ —É—Å–ø–µ—Ç—å –∑–∞ —ç—Ç–æ –≤—Ä–µ–º—è:‚†Ä- —Å–º–æ–∂–µ—Ç –ª–∏ –æ–¥–µ—Ç—å—Å—è –Ω–∞ –ø—Ä–æ–≥—É–ª–∫—É –∑–∞ –æ–¥–Ω—É –º–∏–Ω—É—Ç—É?;‚†Ä- –∑–∞–ø—Ä–∞–≤–∏—Ç—å –ø–æ—Å—Ç–µ–ª—å?‚†Ä- —Å–æ–±—Ä–∞—Ç—å –ø–∞–∑–ª –∏–ª–∏ —Å–ª–æ–∂–∏—Ç—å –º–æ–∑–∞–π–∫—É?‚†Ä- –ø—Ä–∏–¥—É–º–∞—Ç—å –∏ –Ω–∞–ø–∏—Å–∞—Ç—å —Å–ª–æ–≤ –∏–∑ –ø—è—Ç–∏ –±—É–∫–≤?‚†Ä- –≤—ã—É—á–∏—Ç—å —Å—Ç–∏—Ö –∏–ª–∏ –ø–µ—Å–µ–Ω–∫—É?–∏ –º–Ω–æ–∂–µ—Å—Ç–≤–æ –¥—Ä—É–≥–∏—Ö –∑–∞–¥–∞—á.‚†Ä–ü–µ—Å–æ—á–Ω—ã–µ —á–∞—Å—ã —Å—Ç–∞–Ω—É—Ç –Ω–∞–ø–æ–º–∏–Ω–∞–Ω–∏–µ–º —Ä–µ–±–µ–Ω–∫—É –æ –¥—Ä–∞–≥–æ—Ü–µ–Ω–Ω–æ—Å—Ç–∏ –≤—Ä–µ–º–µ–Ω–∏, –ø–æ–±—É–∂–¥–∞—é—â–∏–º –∏—Å–ø–æ–ª—å–∑–æ–≤–∞—Ç—å –µ–≥–æ —ç—Ñ—Ñ–µ–∫—Ç–∏–≤–Ω–æ.‚†Ä–ù–∞–±–ª—é–¥–µ–Ω–∏–µ –∑–∞ —Ç–µ–º, –∫–∞–∫ —Ç–µ—á–µ—Ç –≤—Ä–µ–º—è, –∫–∞–∫ –ø–ª–∞–≤–Ω–æ –ø–µ—Ä–µ—Ç–µ–∫–∞–µ—Ç –ø–µ—Å–æ–∫, —É—Å–ø–æ–∫–∞–∏–≤–∞–µ—Ç –∏ —Å–Ω–∏–º–∞–µ—Ç —Ä–∞–∑–¥—Ä–∞–∂–µ–Ω–∏–µ –∏ —Å—Ç—Ä–µ—Å—Å.‚†Ä–ü—Ä–µ–¥—Å—Ç–∞–≤–ª–µ–Ω—ã –Ω–∞ –≤—ã–±–æ—Ä –≤ 7 –º–æ–¥–µ–ª—è—Ö: 1, 3, 5, 10, 15, 20 –∏ 30 –º–∏–Ω—É—Ç.‚†Ä–ú–∞—Ç–µ—Ä–∏–∞–ª—ã: –º–µ–¥–∏—Ü–∏–Ω—Å–∫–æ–µ —Å—Ç–µ–∫–ª–æ –≤ –ø–ª–∞—Å—Ç–º–∞—Å—Å–æ–≤–æ–º –∫–æ—Ä–ø—É—Å–µ, –∫–≤–∞—Ä—Ü–µ–≤—ã–π –ø–µ—Å–æ–∫.üë∂ –í–û–ó–†–ê–°–¢: –æ—Ç 3-—Ö –ª–µ—Çüß™ –ú–ê–¢–ï–†–ò–ê–õ: —Å—Ç–µ–∫–ª–æ, –∫–≤–∞—Ä—Ü–µ–≤—ã–π –ø–µ—Å–æ–∫, –ø–ª–∞—Å—Ç–∏–∫üõçÔ∏è –£–ü–ê–ö–û–í–ö–ê: –∫–∞—Ä—Ç–æ–Ω–Ω–∞—è –∫–æ—Ä–æ–±–∫–∞üì¶ –ö–û–õ-–í–û –í –¢–†–ê–ù–°–ü–û–†–¢–ù–û–ô –ö–û–†–û–ë–ö–ï: 100 —à—Ç."
178,2022-05-09_19-59-25_UTC.txt,"üîç –î–ï–†–ï–í–Ø–ù–ù–ê–Ø –õ–£–ü–ê ¬´–ó–≤–µ–∑–¥–æ—á–∫–∞¬ª
",–î—Ä—É–≥–æ–µ,1,900,"http://localhost:8888/sabi/wp-content/uploads/2023/02/2022-05-09_19-59-25_UTC_1.jpg,http://localhost:8888/sabi/wp-content/uploads/2023/02/2022-05-09_19-59-25_UTC_2.jpg,http://localhost:8888/sabi/wp-content/uploads/2023/02/2022-05-09_19-59-25_UTC_3.jpg","‚û°Ô∏è –õ—é–±–æ–π —Ä–µ–±–µ–Ω–æ–∫ –±—É–¥–µ—Ç —Å—á–∞—Å—Ç–ª–∏–≤ –ø–æ–ª—É—á–∏—Ç—å —Ç–∞–∫–æ–π –∑–∞–º–µ—á–∞—Ç–µ–ª—å–Ω—ã–π –ø–æ–¥–∞—Ä–æ–∫ –∫–∞–∫ –ª—É–ø–∞!‚†Ä–≠—Ç–æ –ø–æ–ª–µ–∑–Ω–∞—è –∏–≥—Ä—É—à–∫–∞ –¥–ª—è –≤—Å–µ—Ö –ª—é–±–æ–∑–Ω–∞—Ç–µ–ª—å–Ω—ã—Ö –º–∞–ª—ã—à–µ–π, –∫–æ—Ç–æ—Ä—ã–µ –Ω–∞—á–∏–Ω–∞—é—Ç –∏–∑—É—á–∞—Ç—å –æ–∫—Ä—É–∂–∞—é—â–∏–π –º–∏—Ä.‚†Ä–° –µ–µ –ø–æ–º–æ—â—å—é –æ–Ω–∏ —Å–º–æ–≥—É—Ç —Ä–∞–∑–≥–ª—è–¥–µ—Ç—å –º–∞—Å—Å—É –≤—Å–µ–≥–æ –∏–Ω—Ç–µ—Ä–µ—Å–Ω–æ–≥–æ –∏ –Ω–æ–≤–æ–≥–æ, –Ω–µ–∑–∞–º–µ—Ç–Ω–æ–≥–æ –ø—Ä–æ—Å—Ç–æ–º—É –≤–∑–≥–ª—è–¥—É.‚†Ä–ò–≥—Ä—É—à–∫–∞ –≤—ã–ø–æ–ª–Ω–µ–Ω–∞ –∏–∑ —ç–∫–æ–ª–æ–≥–∏—á–µ—Å–∫–∏ —á–∏—Å—Ç–æ–≥–æ –º–∞—Ç–µ—Ä–∏–∞–ª–∞ - –¥–µ—Ä–µ–≤–∞, —É–¥–æ–±–Ω–∞—è –≥–ª–∞–¥–∫–∞—è —Ä—É—á–∫–∞ –≥–ª–∞–¥–∫–æ –æ—Ç—à–ª–∏—Ñ–æ–≤–∞–Ω–∞ - –º–∞–ª—ã—à–∞–º –±—É–¥–µ—Ç —É–¥–æ–±–Ω–æ –µ–µ –¥–µ—Ä–∂–∞—Ç—å, –∞ –∑–∞–±–∞–≤–Ω–∞—è —Ñ–æ—Ä–º–∞ –≤ –≤–∏–¥–µ –Ω–µ–±–µ—Å–Ω–æ–π –∂–µ–ª—Ç–æ–π –∑–≤–µ–∑–¥–æ—á–∫–∏, —Å–¥–µ–ª–∞—é—Ç –∏–≥—Ä—É –µ—â–µ –≤–µ—Å–µ–ª–µ–µ.‚†Ä–ò–≥—Ä—É—à–∫–∞ —Ä–∞–∑–≤–∏–≤–∞–µ—Ç –≤–æ–æ–±—Ä–∞–∂–µ–Ω–∏–µ, –ª—é–±–æ–∑–Ω–∞—Ç–µ–ª—å–Ω–æ—Å—Ç—å –∏ –Ω–∞–±–ª—é–¥–∞—Ç–µ–ª—å–Ω–æ—Å—Ç—å.üë∂ –í–û–ó–†–ê–°–¢: –æ—Ç 3-–ª–µ—Çüß™ –ú–ê–¢–ï–†–ò–ê–õ: –¥–µ—Ä–µ–≤–æüõçÔ∏è –£–ü–ê–ö–û–í–ö–ê: —Ü–≤–µ—Ç–Ω–∞—è –∫–∞—Ä—Ç–æ–Ω–Ω–∞—è –∫–æ—Ä–æ–±–∫–∞üì¶ –ö–û–õ-–í–û –í –¢–†–ê–ù–°–ü–û–†–¢–ù–û–ô –ö–û–†–û–ë–ö–ï: 100 —à—Ç."
184,2022-10-14_19-16-56_UTC.txt,"üõéÔ∏è –ù–ê–°–¢–û–õ–¨–ù–´–ô –°–ò–ì–ù–ê–õ–¨–ù–´–ô –ó–í–û–ù–û–ö –¥–ª—è –∏–≥—Ä –∏ –∑–∞–Ω—è—Ç–∏–π 
",–î—Ä—É–≥–æ–µ,0,350,"http://localhost:8888/sabi/wp-content/uploads/2023/02/2022-10-14_19-16-56_UTC_1.jpg,http://localhost:8888/sabi/wp-content/uploads/2023/02/2022-10-14_19-16-56_UTC_2.jpg,http://localhost:8888/sabi/wp-content/uploads/2023/02/2022-10-14_19-16-56_UTC_3.jpg,http://localhost:8888/sabi/wp-content/uploads/2023/02/2022-10-14_19-16-56_UTC_4.jpg","üìå –û–ü–ò–°–ê–ù–ò–ï: –ù–∞—Å—Ç–æ–ª—å–Ω—ã–π –∑–≤–æ–Ω–æ–∫ —Å –º–µ—Ç–∞–ª–ª–∏—á–µ—Å–∫–∏–º –∫–æ—Ä–ø—É—Å–æ–º –∏ –ø–ª–∞—Å—Ç–∏–∫–æ–≤—ã–º –æ—Å–Ω–æ–≤–∞–Ω–∏–µ–º –ø–æ–º–æ–∂–µ—Ç –±–µ–∑ –ª–∏—à–Ω–∏—Ö —Å–ª–æ–≤ –ø–æ–¥–∞—Ç—å —Å–∏–≥–Ω–∞–ª –∫ –¥–µ–π—Å—Ç–≤–∏—é –≤ –Ω–µ–æ–±—Ö–æ–¥–∏–º—ã–π –º–æ–º–µ–Ω—Ç.‚†Ä–í–∞—Ä–∏–∞–Ω—Ç—ã –ø—Ä–∏–º–µ–Ω–µ–Ω–∏—è –Ω–∞—Å—Ç–æ–ª—å–Ω–æ–≥–æ –∑–≤–æ–Ω–∫–∞:‚†Ä- –¥–ª—è –∑–≤—É–∫–æ–≤–æ–≥–æ –æ–∑–Ω–∞–º–µ–Ω–æ–≤–∞–Ω–∏—è –Ω–∞—á–∞–ª–∞ –ª–∏–±–æ –æ–∫–æ–Ω—á–∞–Ω–∏—è —Ä–∞—É–Ω–¥–∞ –∏–ª–∏ –≤—ã–ø–æ–ª–Ω–µ–Ω–∏—è –∑–∞–¥–∞–Ω–∏—è;‚†Ä- –¥–ª—è –ø—Ä–æ–≤–µ–¥–µ–Ω–∏—è –≤–∏–∫—Ç–æ—Ä–∏–Ω, –Ω–∞—Å—Ç–æ–ª—å–Ω—ã—Ö –∏–≥—Ä –¥–ª—è –∫–æ–º–ø–∞–Ω–∏–∏, —Å–µ–º–µ–π–Ω—ã—Ö –Ω–∞—Å—Ç–æ–ª—å–Ω—ã—Ö –∏–≥—Ä, —Ä–µ—à–µ–Ω–∏—è –≥–æ–ª–æ–≤–æ–ª–æ–º–æ–∫ –Ω–∞ –≤—Ä–µ–º—è;‚†Ä- –¥–ª—è –ø—Ä–æ–≤–µ–¥–µ–Ω–∏—è —Ä–∞–∑–≤–∏–≤–∞—é—â–∏—Ö –∏–≥—Ä —Å –¥–µ—Ç—å–º–∏ –Ω–∞ —Å–∫–æ—Ä–æ—Å—Ç—å —Ä–µ–∞–∫—Ü–∏–∏ –∏ –≤–Ω–∏–º–∞–Ω–∏—è;‚†Ä- –¥–ª—è –∏–∑—É—á–µ–Ω–∏—è —Å—á—ë—Ç–∞, –ø—Ä–∏ –æ–±—É—á–µ–Ω–∏–∏ –ø–µ–¥–∞–≥–æ–≥–∞–º–∏, —Ä–æ–¥–∏—Ç–µ–ª—è–º–∏;‚†Ä- –¥–ª—è —Ä–∞–∑–≤–∏—Ç–∏—è —Ñ–æ–Ω–µ–º–∞—Ç–∏—á–µ—Å–∫–æ–≥–æ —Å–ª—É—Ö–∞ —É –¥–µ—Ç–µ–π (–ø—Ä–∏ –æ–±—É—á–µ–Ω–∏–∏ –ª–æ–≥–æ–ø–µ–¥–∞–º–∏).‚†Ä–†–µ–∫–æ–º–µ–Ω–¥—É–µ–º –ø—Ä–∏–æ–±—Ä–µ—Å—Ç–∏ –∑–≤–æ–Ω–æ–∫ –∫ –Ω–∞—Å—Ç–æ–ª—å–Ω—ã–º –∏ –∫–∞—Ä—Ç–æ—á–Ω—ã–º –∏–≥—Ä–∞–º ""–î–æ–±–±–ª—å"" (–î—É–±–ª—å, –î–∞–±–ª), ""–î–æ–º –≤–≤–µ—Ä—Ö –¥–Ω–æ–º"", ""–û–∫–∞–≤–æ–∫–∞"", ""–ù–∞–π–¥–∏ –∏ –ø–æ–∫–∞–∂–∏"", ""–•–≤–∞—Ç–∞–π —Å–∫–æ—Ä–µ–π"", ""–ó–æ—Ä–∫–∏–π –≥–ª–∞–∑"", ""–ö—Ç–æ –±—ã—Å—Ç—Ä–µ–µ"", ""–í–µ—Å–µ–ª—ã–µ –∫–æ–ª–ø–∞—á–∫–∏"", ""–°–æ–±–µ—Ä–∏ –ø–µ—Ä–≤—ã–º"", ""–°–∫–æ—Ä–æ—Å—Ç–Ω—ã–µ —Ñ–∏–≥—É—Ä–∫–∏"" –∏ —Ç.–¥.üë∂ –í–û–ó–†–ê–°–¢: –æ—Ç 3-—Ö –ª–µ—Çüß™ –ú–ê–¢–ï–†–ò–ê–õ: –º–µ—Ç–∞–ª–ª, –ø–ª–∞—Å—Ç–∏–∫üõçÔ∏è –£–ü–ê–ö–û–í–ö–ê: —Ü–≤–µ—Ç–Ω–∞—è –∫–æ—Ä–æ–±–∫–∞üì¶ –ö–û–õ-–í–û –í –¢–†–ê–ù–°–ü–û–†–¢–ù–û–ô –ö–û–†–û–ë–ö–ï: 200 —à—Ç."
214,2022-07-02_15-17-53_UTC.txt,"üë∂ –î–í–£–°–¢–û–†–û–ù–ù–ò–ï –°–ö–õ–ê–î–ù–´–ï –¢–ï–†–ú–û–ö–û–í–†–ò–ö–ò –≤ —Å—É–º–∫–µ-—á–µ—Ö–ª–µ
",–î—Ä—É–≥–æ–µ,1,0,"http://localhost:8888/sabi/wp-content/uploads/2023/02/2022-07-02_15-17-53_UTC_1.jpg,http://localhost:8888/sabi/wp-content/uploads/2023/02/2022-07-02_15-17-53_UTC_2.jpg,http://localhost:8888/sabi/wp-content/uploads/2023/02/2022-07-02_15-17-53_UTC_3.jpg,http://localhost:8888/sabi/wp-content/uploads/2023/02/2022-07-02_15-17-53_UTC_4.jpg,http://localhost:8888/sabi/wp-content/uploads/2023/02/2022-07-02_15-17-53_UTC_5.jpg","- –æ—Ç 1 –¥–æ 11 —à—Ç - 5 800 KZT üá∞üáø / 829 RUB üá∑üá∫- —Å–≤—ã—à–µ 12 —à—Ç - 5 600 KZT üá∞üáø / 800 RUB üá∑üá∫‚û°Ô∏è –ò–ù–§–û–†–ú–ê–¶–ò–Ø –û –ü–†–û–î–£–ö–¢–ï:‚†Ä–î–µ—Ç—Å–∫–∏–µ –∏–≥—Ä–æ–≤—ã–µ —Ç–µ—Ä–º–æ–∫–æ–≤—Ä–∏–∫–∏ —Å –¥–≤—É—Å—Ç–æ—Ä–æ–Ω–Ω–∏–º –ø—Ä–∏–Ω—Ç–æ–º, –ø—Ä–µ–¥–Ω–∞–∑–Ω–∞—á–µ–Ω—ã–µ –¥–ª—è –ø–æ–ª–∑–∞–Ω–∏—è, –∏–≥—Ä –∏ –∞–∫—Ç–∏–≤–Ω–æ–≥–æ –≤—Ä–µ–º—è–ø—Ä–µ–ø—Ä–æ–≤–æ–∂–¥–µ–Ω–∏—è –º–ª–∞–¥–µ–Ω—Ü–µ–≤ —Å 6-—Ç–∏ –º–µ—Å—è—Ü–µ–≤.üóíÔ∏è–•–ê–†–ê–ö–¢–ï–†–ò–°–¢–ò–ö–ò:‚†Ä- –æ–±–ª–∞–¥–∞–µ—Ç –æ—Ç–ª–∏—á–Ω–æ–π –≤–æ–¥–æ–Ω–µ–ø—Ä–æ–Ω–∏—Ü–∞–µ–º–æ—Å—Ç—å—é, —Ç–µ—Ä–º–æ–∏–∑–æ–ª—è—Ü–∏–µ–π –∏ —à—É–º–æ–ø–æ–≥–ª–∞—â–µ–Ω–∏–µ–º;‚†Ä- –º—è–≥–∫–∞—è –∏ —É–ø—Ä—É–≥–∞—è –ø–æ–≤–µ—Ä—Ö–Ω–æ—Å—Ç—å—Å–º—è–≥—á–∞–µ—Ç –ø–∞–¥–µ–Ω–∏—è –∏ –ø—Ä–µ–¥–æ—Ç–≤—Ä–∞—â–∞–µ—Ç —É—à–∏–±—ã –º–∞–ª—ã—à–∞;‚†Ä- —à–µ—Ä–æ—Ö–æ–≤–∞—Ç–∞—è –ø–æ–≤–µ—Ä—Ö–Ω–æ—Å—Ç—å —Ä–∞–∑–≤–∏–≤–∞–µ—Ç —Ç–∞–∫—Ç–∏–ª—å–Ω—ã–µ –æ—â—É—â–µ–Ω–∏—è, —è—Ä–∫–∏–µ —Å—é–∂–µ—Ç–Ω—ã–µ –∫–∞—Ä—Ç–∏–Ω–∫–∏ –¥–∞—é—Ç –ø—Ä–µ–¥—Å—Ç–∞–≤–ª–µ–Ω–∏–µ –æ —Ü–≤–µ—Ç–µ –∏ —Ñ–æ—Ä–º–∞—Ö;‚†Ä- –≤ –æ—Ç–ª–∏—á–∏–µ –æ—Ç –∫–æ–≤—Ä–æ–≤ —Å –≤–æ—Ä—Å–æ–º –Ω–µ –Ω–∞–∫–∞–ø–ª–∏–≤–∞–µ—Ç –ø—ã–ª—å - –æ—Å–Ω–æ–≤–Ω–æ–π –∏—Å—Ç–æ—á–Ω–∏–∫ –∞–ª–ª–µ—Ä–≥–∏–∏;‚†Ä- –ª–µ–≥–∫–æ –∏ –±—ã—Å—Ç—Ä–æ —Ä–∞—Å–∫–ª–∞–¥—ã–≤–∞—é—Ç—Å—è –∏ —Å–∫–ª–∞–¥—ã–≤–∞—é—Ç—Å—è –≤ —Ñ–æ—Ä–º–µ ""–∫–Ω–∏–∂–∫–∏"";‚†Ä- –±–ª–∞–≥–æ–¥–∞—Ä—è –∫–æ–º–ø–∞–∫—Ç–Ω—ã–º —Ä–∞–∑–º–µ—Ä–∞–º –ø—Ä–∏ —Ö—Ä–∞–Ω–µ–Ω–∏–∏ –Ω–µ –∑–∞–Ω–∏–º–∞–µ—Ç –º–Ω–æ–≥–æ –º–µ—Å—Ç–∞;‚†Ä–¢–æ–≤–∞—Ä –ø—Ä–µ–¥—Å—Ç–∞–≤–ª–µ–Ω –≤ –∞—Å—Å–æ—Ä—Ç–∏–º–µ–Ω—Ç–µ –∏–∑ 3 –º–æ–¥–µ–ª–µ–π.üß™ –ú–ê–¢–ï–†–ò–ê–õ: –ø–æ–ª–∏–º–µ—Ä–Ω—ã–π XPE –º–∞—Ç–µ—Ä–∏–∞–ª.üìè –†–ê–ó–ú–ï–†: 180*200*1 —Å–º. (–≤ —Ä–∞–∑–ª–æ–∂–µ–Ω–Ω–æ–º –≤–∏–¥–µ)üõçÔ∏è –£–ü–ê–ö–û–í–ö–ê: —Å—É–º–∫–∞-—á–µ—Ö–æ–ª —Å —Ä—É—á–∫–æ–πüë∂ –í–û–ó–†–ê–°–¢: —Å 6-—Ç–∏ –º–µ—Å—è—Ü–µ–≤ –∏ —Å—Ç–∞—Ä—à–µüì¶ –ö–û–õ–ò–ß–ï–°–¢–í–û –í –¢–†–ê–ù–°–ü–û–†–¢–ù–û–ô –£–ü–ê–ö–û–í–ö–ï: 12 —à—Ç"
290,2021-09-08_11-31-35_UTC.txt,"‚ûø –ú–Ø–ì–ö–ê–Ø –ü–û–î–í–ï–°–ö–ê - –°–ü–ò–†–ê–õ–¨ —Å –ø–æ–¥–≤–µ—Å–Ω—ã–º–∏ —ç–ª–µ–º–µ–Ω—Ç–∞–º–∏.
",–î—Ä—É–≥–æ–µ,0,1850,"http://localhost:8888/sabi/wp-content/uploads/2023/02/2021-09-08_11-31-35_UTC_1.jpg,http://localhost:8888/sabi/wp-content/uploads/2023/02/2021-09-08_11-31-35_UTC_2.jpg,http://localhost:8888/sabi/wp-content/uploads/2023/02/2021-09-08_11-31-35_UTC_3.jpg,http://localhost:8888/sabi/wp-content/uploads/2023/02/2021-09-08_11-31-35_UTC_4.jpg","‚û°Ô∏è –ü–ª—é—à–µ–≤–∞—è —Ä–∞–∑–≤–∏–≤–∞—é—â–∞—è –ø–æ–¥–≤–µ—Å–∫–∞ - –æ—Ç–ª–∏—á–Ω–∞—è —Ä–∞–∑–≤–∏–≤–∞—é—â–∞—è  —Å–ø–∏—Ä–∞–ª—å–Ω–∞—è –∏–≥—Ä—É—à–∫–∞ –¥–ª—è –º–∞–ª–µ–Ω—å–∫–∏—Ö –∫—Ä–æ—Ö.‚†Ä–ì–∏–±–∫–∞—è, —ç–ª–∞—Å—Ç–∏—á–Ω–∞—è –∫–æ–Ω—Å—Ç—Ä—É–∫—Ü–∏—è –∏–≥—Ä—É—à–∫–∏ –ø–æ–∑–≤–æ–ª—è–µ—Ç –ª–µ–≥–∫–æ –∫—Ä–µ–ø–∏—Ç—å –Ω–∞ –±–æ—Ä—Ç–∏–∫ –∫—Ä–æ–≤–∞—Ç–∫–∏, —Ä—É—á–∫—É –∫–æ–ª—è—Å–∫–∏ –∏–ª–∏ –∞–≤—Ç–æ–∫—Ä–µ—Å–ª–∞.‚†Ä–ù–∞ –º—è–≥–∫–æ–π —Ä–∞–∑–Ω–æ—Ü–≤–µ—Ç–Ω–æ–π —Å–ø–∏—Ä–∞–ª–∏ –∏–º–µ—é—Ç—Å—è —è—Ä–∫–∏–µ –ø–æ–¥–≤–µ—Å–Ω—ã–µ —Ä–∞–∑–≤–∏–≤–∞—é—â–∏–µ –∏–≥—Ä—É—à–∫–∏, –∫–æ—Ç–æ—Ä—ã–µ –∑–∞–∏–Ω—Ç–µ—Ä–µ—Å—É—é—Ç –∏ –Ω–∞–¥–æ–ª–≥–æ —É–≤–ª–µ–∫—É—Ç –º–∞–ª—ã—à–∞.‚†Ä–û–±–∏–ª–∏–µ —Ä–∞–∑–Ω—ã—Ö –ø–æ —Ñ–∞–∫—Ç—É—Ä–µ –∏ —Ü–≤–µ—Ç—É —ç–ª–µ–º–µ–Ω—Ç–æ–≤ —Å–ø–æ—Å–æ–±—Å—Ç–≤—É—é—Ç —Ä–∞–∑–≤–∏—Ç–∏—é –º–µ–ª–∫–æ–π –º–æ—Ç–æ—Ä–∏–∫–∏, —Ç–∞–∫—Ç–∏–ª—å–Ω—ã—Ö –æ—â—É—â–µ–Ω–∏–π, —Ö–≤–∞—Ç–∞—Ç–µ–ª—å–Ω–æ–≥–æ —Ä–µ—Ñ–ª–µ–∫—Å–∞ –∏ —Ü–≤–µ—Ç–æ–≤–æ–≥–æ –≤–æ—Å–ø—Ä–∏—è—Ç–∏—è.‚†Ä–†–µ–∫–æ–º–µ–Ω–¥–æ–≤–∞–Ω–Ω—ã–π –≤–æ–∑—Ä–∞—Å—Ç: –æ—Ç —Ä–æ–∂–¥–µ–Ω–∏—è"
303,2021-05-31_07-19-49_UTC.txt,"ü¶â–ò–ì–†–£–®–ö–ê –ó–ê–í–û–î–ù–ê–Ø ""–°–û–í–£–®–ö–ê""
",–î—Ä—É–≥–æ–µ,0,0,"http://localhost:8888/sabi/wp-content/uploads/2023/02/2021-05-31_07-19-49_UTC_1.jpg,http://localhost:8888/sabi/wp-content/uploads/2023/02/2021-05-31_07-19-49_UTC_2.jpg,http://localhost:8888/sabi/wp-content/uploads/2023/02/2021-05-31_07-19-49_UTC_3.jpg,http://localhost:8888/sabi/wp-content/uploads/2023/02/2021-05-31_07-19-49_UTC_4.jpg,http://localhost:8888/sabi/wp-content/uploads/2023/02/2021-05-31_07-19-49_UTC_5.jpg,http://localhost:8888/sabi/wp-content/uploads/2023/02/2021-05-31_07-19-49_UTC_6.jpg","- –≤ —Ü–≤–µ—Ç–Ω–æ–π –∫–æ—Ä–æ–±–æ—á–∫–µ - 450 KZT üá∞üáø / 64 RUB üá∑üá∫- –≤ –ø–æ–ª–∏—ç—Ç–∏–ª–µ–Ω–æ–≤–æ–º –º–µ—à–æ—á–∫–µ - 400 KZT üá∞üáø / 57 RUB üá∑üá∫‚û°Ô∏è –Ø—Ä–∫–∞—è –æ—Ä–∏–≥–∏–Ω–∞–ª—å–Ω–∞—è –∑–∞–≤–æ–¥–Ω–∞—è –∏–≥—Ä—É—à–∫–∞ –¥–ª—è –º–∞–ª—ã—à–µ–π.‚†Ä–ò–≥—Ä—É—à–∫–∞ –∑–∞–≤–æ–¥–Ω–∞—è ""–°–æ–≤—É—à–∫–∞"" –æ—Å–Ω–∞—â–µ–Ω–∞ –∑–∞–≤–æ–¥–Ω—ã–º –º–µ—Ö–∞–Ω–∏–∑–º–æ–º.‚†Ä–î–ª—è –∑–∞–ø—É—Å–∫–∞ –Ω–∞–∂–º–∏—Ç–µ –Ω–∞ –≤–µ—Ä—Ö–Ω—é—é —á–∞—Å—Ç—å –∏–≥—Ä—É—à–∫–∏, –∏ –æ–Ω–∞ –Ω–∞—á–Ω–µ—Ç –¥–≤–∏–≥–∞—Ç—å—Å—è –ø–æ —Ä–æ–≤–Ω–æ–π –ø–æ–≤–µ—Ä—Ö–Ω–æ—Å—Ç–∏ —Å –∑–∞–±–∞–≤–Ω—ã–º –∂—É–∂–∂–∞–Ω–∏–µ–º.‚†Ä–ì–æ–ª–æ–≤–∞ –∏–≥—Ä—É—à–∫–∏ –≤—Ä–∞—â–∞–µ—Ç—Å—è –Ω–∞ 360 –≥—Ä–∞–¥—É—Å–æ–≤.‚†Ä–ò–≥—Ä—É—à–∫–∞ —Å–ø–æ—Å–æ–±—Å—Ç–≤—É–µ—Ç —Ä–∞–∑–≤–∏—Ç–∏—é –º–µ–ª–∫–æ–π –º–æ—Ç–æ—Ä–∏–∫–∏, –∞ —è—Ä–∫–∏–µ —Ü–≤–µ—Ç–∞ —Å–ø–æ—Å–æ–±—Å—Ç–≤—É—é—Ç —Ü–≤–µ—Ç–æ–≤–æ—Å–ø—Ä–∏—è—Ç–∏—é.‚†Ä–ù–µ —Ç—Ä–µ–±—É—é—Ç—Å—è –±–∞—Ç–∞—Ä–µ–π–∫–∏.‚†Ä–†–µ–∫–æ–º–µ–Ω–¥–æ–≤–∞–Ω–Ω—ã–π –≤–æ–∑—Ä–∞—Å—Ç: –æ—Ç 1 –≥–æ–¥–∞ –∏ —Å—Ç–∞—Ä—à–µ."
332,2022-05-13_17-58-47_UTC.txt,"üçâü•ù –î–ï–†–ï–í–Ø–ù–ù–´–ï –ù–ê–†–ï–ó–ù–´–ï –§–†–£–ö–¢–´/–û–í–û–©–ò –Ω–∞ –¥–æ—â–µ—á–∫–µ (–∏–∑ 4 —à—Ç)
",–î—Ä—É–≥–æ–µ,1,650,"http://localhost:8888/sabi/wp-content/uploads/2023/02/2022-05-13_17-58-47_UTC_1.jpg,http://localhost:8888/sabi/wp-content/uploads/2023/02/2022-05-13_17-58-47_UTC_2.jpg,http://localhost:8888/sabi/wp-content/uploads/2023/02/2022-05-13_17-58-47_UTC_3.jpg,http://localhost:8888/sabi/wp-content/uploads/2023/02/2022-05-13_17-58-47_UTC_4.jpg,http://localhost:8888/sabi/wp-content/uploads/2023/02/2022-05-13_17-58-47_UTC_5.jpg","‚û°Ô∏è –ò–≥—Ä–æ–≤–æ–π –Ω–∞–±–æ—Ä –Ω–∞—Ä–µ–∑–Ω—ã—Ö  –ø—Ä–æ–¥—É–∫—Ç–æ–≤¬†–Ω–∞—É—á–∏—Ç –≤–∞—à–µ–≥–æ —Ä–µ–±–µ–Ω–∫–∞ –ø–æ–ª—å–∑–æ–≤–∞—Ç—å—Å—è –Ω–æ–∂–æ–º, —Ä–∞–∑–¥–µ–ª–æ—á–Ω–æ–π –¥–æ—Å–∫–æ–π, –∞ —Ç–∞–∫ –∂–µ –ø–æ–∑–Ω–∞–∫–æ–º–∏—Ç –µ–≥–æ —Å –Ω–µ–∫–æ—Ç–æ—Ä—ã–º–∏ —Ñ—Ä—É–∫—Ç–∞–º–∏ –∏ –æ–≤–æ—â–∞–º–∏.‚†Ä–ö–∞–∂–¥—ã–π  –ø—Ä–æ–¥—É–∫—Ç —Å–æ—Å—Ç–æ–∏—Ç –∏–∑ –Ω–µ—Å–∫–æ–ª—å–∫–∏—Ö —á–∞—Å—Ç–µ–π, —Å–∫—Ä–µ–ø–ª–µ–Ω–Ω—ã—Ö —Å –ø–æ–º–æ—â—å—é –ª–∏–ø—É—á–µ–∫, —á—Ç–æ –ø–æ–∑–≤–æ–ª—è–µ—Ç –º–∞–ª—ã—à–∞–º –∏–º–∏—Ç–∏—Ä–æ–≤–∞—Ç—å –ø—Ä–æ—Ü–µ—Å—Å –Ω–∞—Ä–µ–∑–∫–∏ —Ç–æ–≥–æ –∏–ª–∏ –∏–Ω–æ–≥–æ –ø—Ä–æ–¥—É–∫—Ç–∞.‚†Ä–° –ø–æ–º–æ—â—å—é –¥–µ—Ä–µ–≤—è–Ω–Ω–æ–≥–æ –Ω–æ–∂–∏–∫–∞ –æ–Ω–∏ –ª–µ–≥–∫–æ —Ä–∞–∑—Ä–µ–∑–∞—é—Ç—Å—è –∏ —Å–æ–µ–¥–∏–Ω—è—é—Ç—Å—è. –ü–∞—Ä–∞ –¥–≤–∏–∂–µ–Ω–∏–π –∏ –ø—Ä–æ–¥—É–∫—Ç —Å–Ω–æ–≤–∞ —Ü–µ–ª—ã–π!‚†Ä–ù–∞–±–æ—Ä –ø—Ä–µ–∫—Ä–∞—Å–Ω–æ –ø–æ–¥–æ–π–¥—ë—Ç –¥–ª—è –∑–∞—Ö–≤–∞—Ç—ã–≤–∞—é—â–∏—Ö —Å—é–∂–µ—Ç–Ω–æ-—Ä–æ–ª–µ–≤—ã—Ö –∏–≥—Ä.‚†Ä–†–µ–±—ë–Ω–æ–∫ —Å–º–æ–∂–µ—Ç –ø—Ä–∏–¥—É–º–∞—Ç—å —Ä–∞–∑–Ω–æ–æ–±—Ä–∞–∑–Ω—ã–µ —Å—é–∂–µ—Ç—ã —Å —Ñ—Ä—É–∫—Ç–∞–º–∏, —á—Ç–æ –ø—Ä–µ–∫—Ä–∞—Å–Ω–æ —Å–ø–æ—Å–æ–±—Å—Ç–≤—É–µ—Ç —Ä–∞–∑–≤–∏—Ç–∏—é —Ç–≤–æ—Ä—á–µ—Å–∫–æ–≥–æ –º—ã—à–ª–µ–Ω–∏—è.üë∂ –í–û–ó–†–ê–°–¢: –æ—Ç 3-–ª–µ—Çüß™ –ú–ê–¢–ï–†–ò–ê–õ: –¥–µ—Ä–µ–≤–æüõçÔ∏è –£–ü–ê–ö–û–í–ö–ê: —Ç–µ—Ä–º–æ–ø–ª–µ–Ω–∫–∞üì¶ –ö–û–õ-–í–û –í –¢–†–ê–ù–°–ü–û–†–¢–ù–û–ô –ö–û–†–û–ë–ö–ï: 100 —à—Ç."
346,2021-06-20_15-55-09_UTC.txt,"üñçÔ∏è –ú–ù–û–ì–û–†–ê–ó–û–í–ê–Ø –í–û–î–ù–ê–Ø –ö–ù–ò–ñ–ö–ê - –†–ê–°–ö–†–ê–°–ö–ê
",–î—Ä—É–≥–æ–µ,0,400,"http://localhost:8888/sabi/wp-content/uploads/2023/02/2021-06-20_15-55-09_UTC_1.jpg,http://localhost:8888/sabi/wp-content/uploads/2023/02/2021-06-20_15-55-09_UTC_2.jpg,http://localhost:8888/sabi/wp-content/uploads/2023/02/2021-06-20_15-55-09_UTC_3.jpg,http://localhost:8888/sabi/wp-content/uploads/2023/02/2021-06-20_15-55-09_UTC_4.jpg,http://localhost:8888/sabi/wp-content/uploads/2023/02/2021-06-20_15-55-09_UTC_5.jpg,http://localhost:8888/sabi/wp-content/uploads/2023/02/2021-06-20_15-55-09_UTC_6.jpg,http://localhost:8888/sabi/wp-content/uploads/2023/02/2021-06-20_15-55-09_UTC_7.jpg,http://localhost:8888/sabi/wp-content/uploads/2023/02/2021-06-20_15-55-09_UTC_8.jpg","‚û°Ô∏è –ú–Ω–æ–≥–æ—Ä–∞–∑–æ–≤—ã–µ –≤–æ–¥–Ω—ã–µ —Ä–∞—Å–∫—Ä–∞—Å–∫–∏ —Å–æ —Å–ø–µ—Ü–∏–∞–ª—å–Ω—ã–º –≤–æ–¥–Ω—ã–º –º–∞—Ä–∫–µ—Ä–æ–º - –∏ –Ω–∏–∫–∞–∫–∏—Ö –∏—Å–ø–∞—á–∫–∞–Ω–Ω—ã—Ö —Ä—É–∫, –æ–¥–µ–∂–¥—ã –∏ –º–µ–±–µ–ª–∏!‚†Ä–ß—Ç–æ–±—ã —Ä–∞—Å–∫—Ä–∞—Å–∏—Ç—å —Å—Ç—Ä–∞–Ω–∏—Ü—ã-–∫–∞—Ä—Ç–∏–Ω–∫–∏ –≤ —ç—Ç–æ–π –≤–æ–ª—à–µ–±–Ω–æ–π –∫–Ω–∏–∂–∫–µ –Ω–µ –Ω—É–∂–Ω—ã –∫—Ä–∞—Å–∫–∏, –∫–∞—Ä–∞–Ω–¥–∞—à–∏ –∏ —Ñ–ª–æ–º–∞—Å—Ç–µ—Ä—ã.‚†Ä–û–Ω–∏ –æ–∂–∏–≤—É—Ç, —Å—Ç–æ–∏—Ç —Ç–æ–ª—å–∫–æ –ø—Ä–æ–≤–µ—Å—Ç–∏ –ø–æ –≤–æ–ª—à–µ–±–Ω—ã–º —Å—Ç—Ä–∞–Ω–∏—á–∫–∞–º –º–∞—Ä–∫–µ—Ä–æ–º.‚†Ä–ó–∞–ø–æ–ª–Ω–∏—Ç–µ –º–∞—Ä–∫–µ—Ä –≤–æ–¥–æ–π –∏ —Å–æ–∑–¥–∞–≤–∞–π—Ç–µ –∫—Ä–∞—Å–æ—á–Ω—ã–µ –∫–∞—Ä—Ç–∏–Ω–∫–∏.‚†Ä–ö–∞–∫ —Ç–æ–ª—å–∫–æ –∫–∞—Ä—Ç–∏–Ω–∫–∞ –≤—ã—Å—ã—Ö–∞–µ—Ç –º–æ–∂–Ω–æ —Ä–∏—Å–æ–≤–∞—Ç—å —Å–Ω–æ–≤–∞ –∏ —Å–Ω–æ–≤–∞!‚†Ä–í–æ–¥–Ω—ã–µ —Ä–∞—Å–∫—Ä–∞—Å–∫–∏ –æ—Ç–ª–∏—á–Ω–æ –∑–∞–π–º—É—Ç —Ä–µ–±–µ–Ω–∫–∞ –¥–æ–º–∞, –≤ –¥–æ—Ä–æ–≥–µ –ª–∏–±–æ –≥–æ—Å—Ç—è—Ö.‚†Ä–†–∞—Å–∫—Ä–∞—Å–∫–∏ –≤ –∞—Å—Å–æ—Ä—Ç–∏–º–µ–Ω—Ç–µ (6 –≤–∏–¥–æ–≤)‚†Ä‚†Ä#–≤–æ–¥–Ω–∞—è—Ä–∞—Å–∫—Ä–∞—Å–∫–∞#—Ä–∞—Å–∫—Ä–∞—Å–∫–∞–≤–æ–¥–Ω–∞—è#–∫–Ω–∏–∂–∫–∞—Ä–∞—Å–∫—Ä–∞—Å–∫–∞#–≤–æ–¥–Ω–∞—è—Ä–∞—Å–∫—Ä–∞—Å–∫–∞–æ–ø—Ç–æ–º#–≤–æ–¥–Ω–∞—è—Ä–∞—Å–∫—Ä–∞—Å–∫–∞–Ω–µ–¥–æ—Ä–æ–≥–æ#–≤–æ–¥–Ω–∞—è—Ä–∞—Å–∫—Ä–∞—Å–∫–∞–∞–ª–º–∞—Ç—ã#–≤–æ–ª—à–µ–±–Ω–∞—è—Ä–∞—Å–∫—Ä–∞—Å–∫–∞#–≤–æ–ª—à–µ–±–Ω–∞—è–∫–Ω–∏–∂–∫–∞—Ä–∞—Å–∫—Ä–∞—Å–∫–∞#—Ä–∞—Å–∫—Ä–∞—Å–∫–∞–≤–æ–¥–æ–π#—Ä–∞—Å–∫—Ä–∞—Å–∫–∞–∞–Ω—Ç–∏—Å—Ç—Ä–µ—Å—Å#–¥–µ—Ç—Å–∫–∞—è—Ä–∞—Å–∫—Ä–∞—Å–∫–∞#–≤–æ–ª—à–µ–±–Ω–∞—è—Ä–∞—Å–∫—Ä–∞—Å–∫–∞–≤–æ–¥–æ–π#–≤–æ–¥–Ω—ã–µ—Ä–∞—Å–∫—Ä–∞—Å–∫–∏–æ–ø—Ç–æ–º#—Ä–∞—Å–∫—Ä–∞—Å–∫–∏–≤–æ–¥–Ω—ã–µ–æ–ø—Ç–æ–º#–≤–æ–¥–Ω—ã–π–µ—Ä–∞—Å–∫—Ä–∞—Å–∫–∏–∞–ª–º–∞—Ç—ã#–≤–æ–¥–Ω—ã–µ—Ä–∞—Å–∫—Ä–∞—Å–∫–∏–∞—Å—Ç–∞–Ω–∞"
354,2020-02-01_13-22-19_UTC.txt,"üéπ –î–ï–†–ï–í–Ø–ù–ù–´–ô –ö–°–ò–õ–û–§–û–ù (8 —Ç–æ–Ω–æ–≤)
",–î—Ä—É–≥–æ–µ,1,650,"http://localhost:8888/sabi/wp-content/uploads/2023/02/2020-02-01_13-22-19_UTC_1.jpg,http://localhost:8888/sabi/wp-content/uploads/2023/02/2020-02-01_13-22-19_UTC_2.jpg,http://localhost:8888/sabi/wp-content/uploads/2023/02/2020-02-01_13-22-19_UTC_3.jpg","‚†Ä‚û°Ô∏è –î–µ—Ä–µ–≤—è–Ω–Ω—ã–π –∫—Å–∏–ª–æ—Ñ–æ–Ω - —ç—Ç–æ –æ—Ç–ª–∏—á–Ω–∞—è —Ä–∞–∑–≤–∏–≤–∞—é—â–∞—è –∏–≥—Ä—É—à–∫–∞,¬†–ø—Ä–µ–¥–Ω–∞–∑–Ω–∞—á–µ–Ω–Ω–∞—è –¥–ª—è –¥–µ—Ç–µ–π –æ—Ç 3 –ª–µ—Ç.‚†Ä–ò–≥—Ä—É—à–∫–∞ –∏–∑–≥–æ—Ç–æ–≤–ª–µ–Ω–∞ –∏–∑ –∫–∞—á–µ—Å—Ç–≤–µ–Ω–Ω—ã—Ö –¥–µ—Ä–µ–≤—è–Ω–Ω—ã—Ö —ç–ª–µ–º–µ–Ω—Ç–æ–≤, –≤—ã–ø–æ–ª–Ω–µ–Ω–∞ –≤ —è—Ä–∫–∏—Ö —Ü–≤–µ—Ç–∞—Ö, –∞ —Ç–∞–∫–∂–µ —É–∫–æ–º–ø–ª–µ–∫—Ç–æ–≤–∞–Ω–∞ –¥–≤—É–º—è –¥–µ—Ä–µ–≤—è–Ω–Ω—ã–º–∏ –ø–∞–ª–æ—á–∫–∞–º–∏.‚†Ä–£–¥–∞—Ä—è—è –ø–æ —Ä–∞–∑–Ω—ã–º –ø–ª–∞—Å—Ç–∏–Ω–∫–∞–º –¥–µ—Ä–µ–≤—è–Ω–Ω—ã–º–∏ –ø–∞–ª–æ—á–∫–∞–º–∏, —Ä–µ–±–µ–Ω–æ–∫ –∏–∑–≤–ª–µ–∫–∞–µ—Ç —Ä–∞–∑–Ω—ã–µ –∑–≤—É–∫–∏, —É—á–∏—Ç—Å—è —Å–æ—á–µ—Ç–∞—Ç—å –∏—Ö, —Å–∫–ª–∞–¥—ã–≤–∞–µ—Ç –≤ —Ä–∏—Ç–º—ã –∏ –º–µ–ª–æ–¥–∏–∏.–ü—Ä–µ–∏–º—É—â–µ—Å—Ç–≤–∞:‚†Ä- –≥–ª—É—Ö–æ–π –∑–≤—É–∫ ‚Äî –¥–∞–∂–µ –µ—Å–ª–∏ –º–∞–ª—ã—à –±—É–¥–µ—Ç –∞–∫—Ç–∏–≤–Ω–æ –∏–≥—Ä–∞—Ç—å, —ç—Ç–æ –Ω–µ –≤—ã–∑–æ–≤–µ—Ç —Ä–∞–∑–¥—Ä–∞–∂–µ–Ω–∏–µ;‚†Ä- —ç–∫–æ–ª–æ–≥–∏—á–µ—Å–∫–∏ —á–∏—Å—Ç—ã–π –º–∞—Ç–µ—Ä–∏–∞–ª ‚Äî –ø–ª–∞—Å—Ç–∏–Ω—ã –∏ –æ—Å–Ω–æ–≤–∞–Ω–∏–µ –≤—ã–ø–æ–ª–Ω–µ–Ω—ã –∏–∑ –Ω–∞—Ç—É—Ä–∞–ª—å–Ω–æ–≥–æ –¥–µ—Ä–µ–≤–∞ —Å –±–µ–∑–æ–ø–∞—Å–Ω—ã–º –ø–æ–∫—Ä—ã—Ç–∏–µ–º –ª–∞–∫–æ–º –∏ –∫—Ä–∞—Å–∫–æ–π;‚†Ä- —É–¥–æ–±—Å—Ç–≤–æ ‚Äî –∫–æ–º–ø–ª–µ–∫—Ç–∞—Ü–∏—è –¥–≤—É–º—è –ø–∞–ª–æ—á–∫–∞–º–∏ –ø–æ–∑–≤–æ–ª—è–µ—Ç –∑–∞–Ω–∏–º–∞—Ç—å—Å—è –≤–º–µ—Å—Ç–µ —Å —Ä–µ–±–µ–Ω–∫–æ–º;‚†Ä- —Ä–∞–∑–≤–∏—Ç–∏–µ —Å–ª—É—Ö–∞ –∏ –ø–∞–º—è—Ç–∏ ‚Äî –º–æ–∂–Ω–æ –ø—Ä–∏–¥—É–º–∞—Ç—å –∏–≥—Ä—ã –¥–ª—è –æ—Å–≤–æ–µ–Ω–∏—è –Ω–æ—Ç, —Å–æ—á–∏–Ω—è—Ç—å –∏ –∏—Å–ø–æ–ª–Ω—è—Ç—å –ø—Ä–æ—Å—Ç—ã–µ –º–µ–ª–æ–¥–∏–∏.‚†Ä–ò–≥—Ä—É—à–∫–∞ —Å–ø–æ—Å–æ–±—Å—Ç–≤—É–µ—Ç —Ñ–æ—Ä–º–∏—Ä–æ–≤–∞–Ω–∏—é –Ω–∞—á–∞–ª—å–Ω–æ–≥–æ –º—É–∑—ã–∫–∞–ª—å–Ω–æ–≥–æ –æ–±—Ä–∞–∑–æ–≤–∞–Ω–∏—è ‚Äì —Ä–µ–±–µ–Ω–æ–∫ —É—á–∏—Ç—Å—è —Ä–∞–∑–ª–∏—á–∞—Ç—å –≤—ã—Å–æ—Ç—É –Ω–æ—Ç –∏ –ø–æ–Ω–∏–º–∞–µ—Ç, –∫–∞–∫ —Ä–æ–∂–¥–∞–µ—Ç—Å—è –º—É–∑—ã–∫–∞. –ù–µ—Å–æ–º–Ω–µ–Ω–Ω–æ, –∏–≥—Ä—É—à–∫–∞ —Å–ø–æ—Å–æ–±—Å—Ç–≤—É–µ—Ç —Ä–∞–∑–≤–∏—Ç–∏—é –º—É–∑—ã–∫–∞–ª—å–Ω–æ–≥–æ —Å–ª—É—Ö–∞, —Ä–∏—Ç–º–∞ –∏ –ø–∞–º—è—Ç–∏.‚†Äüë∂ –í–û–ó–†–ê–°–¢: –æ—Ç 3-—Ö –ª–µ—Çüß™ –ú–ê–¢–ï–†–ò–ê–õ: –¥–µ—Ä–µ–≤–æ, –º–µ—Ç–∞–ª–ªüõçÔ∏è –£–ü–ê–ö–û–í–ö–ê: —Ü–≤–µ—Ç–Ω–∞—è –∫–∞—Ä—Ç–æ–Ω–Ω–∞—è –∫–æ—Ä–æ–±–∫–∞üì¶ –ö–û–õ-–í–û –í –¢–†–ê–ù–°–ü–û–†–¢–ù–û–ô –ö–û–†–û–ë–ö–ï: 100 —à—Ç."
374,2022-03-28_15-00-50_UTC.txt,"ü•§ –¶–í–ï–¢–ù–´–ï –°–¢–ê–ö–ê–ù–ß–ò–ö–ò –¥–ª—è –∏–≥—Ä –∏ –∑–∞–Ω—è—Ç–∏–π –ø–æ –º–µ—Ç–æ–¥–∏–∫–µ ¬´–ú–æ–Ω—Ç–µ—Å—Å–æ—Ä–∏¬ª
",–î—Ä—É–≥–æ–µ,0,950,"http://localhost:8888/sabi/wp-content/uploads/2023/02/2022-03-28_15-00-50_UTC_1.jpg,http://localhost:8888/sabi/wp-content/uploads/2023/02/2022-03-28_15-00-50_UTC_2.jpg,http://localhost:8888/sabi/wp-content/uploads/2023/02/2022-03-28_15-00-50_UTC_3.jpg,http://localhost:8888/sabi/wp-content/uploads/2023/02/2022-03-28_15-00-50_UTC_4.jpg,http://localhost:8888/sabi/wp-content/uploads/2023/02/2022-03-28_15-00-50_UTC_5.jpg,http://localhost:8888/sabi/wp-content/uploads/2023/02/2022-03-28_15-00-50_UTC_6.jpg","‚û°Ô∏è –ù–∞–±–æ—Ä —è—Ä–∫–∏—Ö, —Ü–≤–µ—Ç–Ω—ã—Ö —Å—Ç–∞–∫–∞–Ω—á–∏–∫–æ–≤ –¥–ª—è —Å–æ—Ä—Ç–∏—Ä–æ–≤–∫–∏, –∏–¥–µ–∞–ª—å–Ω–æ –ø–æ–¥—Ö–æ–¥—è—â–∏—Ö –¥–ª—è –≤—Å–µ—Ö –≤–∏–¥–æ–≤ —Å—á—ë—Ç–Ω—ã—Ö –º–∞—Ç–µ—Ä–∏–∞–ª–æ–≤.‚†Ä–û–Ω–∏ –ø—Ä–µ–∫—Ä–∞—Å–Ω–æ –ø–æ–¥—Ö–æ–¥—è—Ç –¥–ª—è –¥–µ—Ç–µ–π, –ø–æ—Ç–æ–º—É —á—Ç–æ –∏—Ö —Ä–∞–∑–º–µ—Ä –∏–¥–µ–∞–ª—å–Ω–æ –ø–æ–¥—Ö–æ–¥–∏—Ç –¥–ª—è –Ω–µ–±–æ–ª—å—à–∏—Ö —Ä—É–∫. –ò—Ö –æ—Å–æ–±–µ–Ω–Ω–æ—Å—Ç—å –≤ –≤–µ—Å–µ–ª–æ–º –¥–∏–∑–∞–π–Ω–µ –∏ —Ä–∞–∑–ª–∏—á–Ω—ã—Ö —Ä–∞—Å—Ü–≤–µ—Ç–∫–∞—Ö.‚†Ä–°–æ—Ä—Ç–∏—Ä–æ–≤–∫–∞ –ø—Ä–µ–¥–º–µ—Ç–æ–≤ —Ä–∞–∑–≤–∏–≤–∞–µ—Ç –Ω–∞–≤—ã–∫ –∫–ª–∞—Å—Å–∏—Ñ–∏–∫–∞—Ü–∏–∏, –∫–æ—Ç–æ—Ä—ã–π –Ω–µ–æ–±—Ö–æ–¥–∏–º –¥–ª—è —Ä–∞–∑–≤–∏—Ç–∏—è –ª–æ–≥–∏—á–µ—Å–∫–∏—Ö –∏ –º–∞—Ç–µ–º–∞—Ç–∏—á–µ—Å–∫–∏—Ö —Å–ø–æ—Å–æ–±–Ω–æ—Å—Ç–µ–π.‚†Ä–ò–≥—Ä–∞ —Ä–∞–∑–≤–∏–≤–∞–µ—Ç –ª–æ–≤–∫–æ—Å—Ç—å –∏ –∫–æ–æ—Ä–¥–∏–Ω–∞—Ü–∏—é –¥–≤–∏–∂–µ–Ω–∏–π, —á—Ç–æ –ø–æ–ª–æ–∂–∏—Ç–µ–ª—å–Ω–æ —Å–∫–∞–∑—ã–≤–∞–µ—Ç—Å—è –Ω–∞ –æ–±—â–µ–º —Ä–∞–∑–≤–∏—Ç–∏–∏ –º–∞–ª—ã—à–∞.‚†Ä–°—Ç–∞–∫–∞–Ω—á–∏–∫–∏ –º–æ–∂–Ω–æ –∏—Å–ø–æ–ª—å–∑–æ–≤–∞—Ç—å –¥–ª—è —Å–æ—Ä—Ç–∏—Ä–æ–≤–∫–∏ —Ä–∞–∑–ª–∏—á–Ω—ã—Ö –ø—Ä–µ–¥–º–µ—Ç–æ–≤ –∏ —Å—á—ë—Ç–Ω—ã—Ö –º–∞—Ç–µ—Ä–∏–∞–ª–æ–≤.‚†Ä–í –∫–æ–º–ø–ª–µ–∫—Ç–µ 7 —Ü–≤–µ—Ç–Ω—ã—Ö —Å—Ç–∞–∫–∞–Ω—á–∏–∫–æ–≤.‚†Ä–ë–µ–∑–æ–ø–∞—Å–Ω–æ –¥–ª—è –¥–µ—Ç–µ–π, –Ω–µ —Å–æ–¥–µ—Ä–∂–∏—Ç –ë–∏—Å—Ñ–µ–Ω–æ–ª –ê.‚†Ä–î–ª—è –¥–µ—Ç–µ–π –æ—Ç 12 –º–µ—Å—è—Ü–µ–≤."
394,2022-08-18_15-34-08_UTC.txt,"‚û∞ –ë–û–õ–¨–®–ê–Ø –ì–û–†–ö–ê-–°–ü–ò–†–ê–õ–¨ ¬´–í–µ—Å–µ–ª–∞—è –≥–æ—Ä–∫–∞¬ª —Å 3 —à–∞—Ä–∏–∫–∞–º–∏
",–î—Ä—É–≥–æ–µ,1,3100,"http://localhost:8888/sabi/wp-content/uploads/2023/02/2022-08-18_15-34-08_UTC_1.jpg,http://localhost:8888/sabi/wp-content/uploads/2023/02/2022-08-18_15-34-08_UTC_2.jpg,http://localhost:8888/sabi/wp-content/uploads/2023/02/2022-08-18_15-34-08_UTC_3.jpg,http://localhost:8888/sabi/wp-content/uploads/2023/02/2022-08-18_15-34-08_UTC_4.jpg,http://localhost:8888/sabi/wp-content/uploads/2023/02/2022-08-18_15-34-08_UTC_5.jpg","üóíÔ∏è –ò–ù–§–û–†–ú–ê–¶–ò–Ø –û –ü–†–û–î–£–ö–¢–ï: –≠—Ç–∞ –±–æ–ª—å—à–∞—è —Å–ø–∏—Ä–∞–ª—å–Ω–∞—è –≥–æ—Ä–∫–∞ —Å—Ç–∞–Ω–µ—Ç —É–≤–ª–µ–∫–∞—Ç–µ–ª—å–Ω–æ–π —Ä–∞–∑–≤–∏–≤–∞—é—â–µ–π –∏–≥—Ä—É—à–∫–æ–π –¥–ª—è –º–∞–ª—ã—à–∞.‚†Ä–ì–æ—Ä–∫–∞ —Å–æ—Å—Ç–æ–∏—Ç –∏–∑ 7 —É—Ä–æ–≤–Ω–µ–π –º—è–≥–∫–∏—Ö –æ—Ç—Ç–µ–Ω–∫–æ–≤, –∫–æ—Ç–æ—Ä—ã–µ –º–∞–ª—ã—à –º–æ–∂–µ—Ç –æ—á–µ–Ω—å –ª–µ–≥–∫–æ —Å–ª–æ–∂–∏—Ç—å.‚†Ä–í –¥–æ–ø–æ–ª–Ω–µ–Ω–∏–µ –∫ –Ω–µ–π –∏–¥—É—Ç 3 —Ä–∞–∑–Ω–æ—Ñ–∞–∫—Ç—É—Ä–Ω—ã—Ö —Ü–≤–µ—Ç–Ω—ã—Ö —à–∞—Ä–∏–∫–∞ —Å –ø–ª–∞—Å—Ç–∏–∫–æ–≤—ã–º–∏ —ç–ª–µ–º–µ–Ω—Ç–∞–º–∏ –≤–Ω—É—Ç—Ä–∏, –∫–æ—Ç–æ—Ä—ã–µ –∏–∑–¥–∞—é—Ç –∑–≤—É–∫ –ø—Ä–∏ –¥–≤–∏–∂–µ–Ω–∏–∏.‚†Ä–ë–ª–∞–≥–æ–¥–∞—Ä—è —Å—ä—ë–º–Ω—ã–º –¥–µ—Ç–∞–ª—è–º –≥–æ—Ä–∫–∏, —Ä–µ–±–µ–Ω–æ–∫ –º–æ–∂–µ—Ç –ø–µ—Ä–µ—Å—Ç–∞–≤–ª—è—Ç—å –∏—Ö –º–µ—Å—Ç–∞–º–∏, —Ç–µ–º —Å–∞–º—ã–º –º–µ–Ω—è—è –ø–æ—Ä—è–¥–æ–∫ —Ü–≤–µ—Ç–æ–≤ —É—Ä–æ–≤–Ω–µ–π –ø–∏—Ä–∞–º–∏–¥–∫–∏.‚†Ä–ò–≥—Ä—É—à–∫–∞ —Ä–∞–∑–≤–∏–≤–∞–µ—Ç –º–µ–ª–∫—É—é –º–æ—Ç–æ—Ä–∏–∫—É, —Å–µ–Ω—Å–æ—Ä–Ω–æ–µ –≤–æ—Å–ø—Ä–∏—è—Ç–∏–µ –∏ —Ç–∞–∫—Ç–∏–ª—å–Ω—É—é —á—É–≤—Å—Ç–≤–∏—Ç–µ–ª—å–Ω–æ—Å—Ç—å —Ä–µ–±–µ–Ω–∫–∞, —É–ª—É—á—à–∞–µ—Ç –∑—Ä–∏—Ç–µ–ª—å–Ω–æ-–º–æ—Ç–æ—Ä–Ω—É—é –∫–æ–æ—Ä–¥–∏–Ω–∞—Ü–∏—é –∏ —É—á–∏—Ç —Ä–µ–±–µ–Ω–∫–∞ –ø–æ–Ω—è—Ç–∏—é –ø—Ä–∏—á–∏–Ω—ã –∏ —Å–ª–µ–¥—Å—Ç–≤–∏—è, –¥–µ–ª–∞—è —ç—Ç–æ –æ–¥–Ω–æ–≤—Ä–µ–º–µ–Ω–Ω–æ —É–≤–ª–µ–∫–∞—Ç–µ–ª—å–Ω—ã–º –∏ –ø–æ–∑–Ω–∞–≤–∞—Ç–µ–ª—å–Ω—ã–º.üë∂ –í–û–ó–†–ê–°–¢: –æ—Ç 2 –ª–µ—Çüß™ –ú–ê–¢–ï–†–ò–ê–õ: ABS-–ø–ª–∞—Å—Ç–∏–∫üõçÔ∏è –£–ü–ê–ö–û–í–ö–ê: —Ü–≤–µ—Ç–Ω–∞—è –∫–æ—Ä–æ–±–∫–∞üì¶ –ö–û–õ-–í–û –í –¢–†–ê–ù–°–ü–û–†–¢–ù–û–ô –ö–û–†–û–ë–ö–ï: 24 —à—Ç."
415,2020-01-14_07-45-34_UTC.txt,"ü™ë –ú–ù–û–ì–û–§–£–ù–ö–¶–ò–û–ù–ê–õ–¨–ù–´–ô –°–¢–û–õ - –¢–†–ê–ù–°–§–û–†–ú–ï–† ""3–≤1"" (—Å 2-–º—è —Å—Ç—É–ª—å—á–∏–∫–∞–º–∏)
",–î—Ä—É–≥–æ–µ,1,19500,"http://localhost:8888/sabi/wp-content/uploads/2023/02/2020-01-14_07-45-34_UTC_1.jpg,http://localhost:8888/sabi/wp-content/uploads/2023/02/2020-01-14_07-45-34_UTC_2.jpg","‚†Ä‚û°Ô∏è –°—Ç–æ–ª–∏–∫-—Ç—Ä–∞–Ω—Å—Ñ–æ—Ä–º–µ—Ä –≤—ã–ø–æ–ª–Ω—è–µ—Ç —Å—Ä–∞–∑—É –Ω–µ—Å–∫–æ–ª—å–∫–æ —Å—É–ø–µ—Ä-–≤–∞–∂–Ω—ã—Ö —Ñ—É–Ω–∫—Ü–∏–π:‚†Ä- –≤–æ-–ø–µ—Ä–≤—ã—Ö, –∑–∞ –Ω–∏–º —Ä–µ–±–µ–Ω–æ–∫ –º–æ–∂–µ—Ç –∏–≥—Ä–∞—Ç—å —Å –∫–æ–Ω—Å—Ç—Ä—É–∫—Ç–æ—Ä–æ–º, –≤–µ–¥—å –∫–≤–∞–¥—Ä–∞—Ç–Ω–∞—è —Å—Ç–æ–ª–µ—à–Ω–∏—Ü–∞ –ø–æ–ª–Ω–æ—Å—Ç—å—é —Å–æ—Å—Ç–æ–∏—Ç –∏–∑ –æ—Å–Ω–æ–≤—ã –¥–ª—è –∫–æ–Ω—Å—Ç—Ä—É–∫—Ç–æ—Ä–∞, –Ω–∞ –∫–æ—Ç–æ—Ä–æ–π —É–¥–æ–±–Ω–æ –∫—Ä–µ–ø–∏—Ç—å –¥–µ—Ç–∞–ª–∏.‚†Ä- –≤–æ-–≤—Ç–æ—Ä—ã—Ö, –ø–æ–¥ —Å—Ç–æ–ª–µ—à–Ω–∏—Ü–µ–π –¥–ª—è –∫–æ–Ω—Å—Ç—Ä—É–∫—Ç–æ—Ä–∞ –µ—Å—Ç—å –æ–±—ã—á–Ω–∞—è —Ä–æ–≤–Ω–∞—è –ø–æ–≤–µ—Ä—Ö–Ω–æ—Å—Ç—å, –Ω–∞ –∫–æ—Ç–æ—Ä–æ–π –º–æ–∂–Ω–æ —Ä–∏—Å–æ–≤–∞—Ç—å, –¥–µ–ª–∞—Ç—å —É—Ä–æ–∫–∏, –ª–µ–ø–∏—Ç—å –∏ –ø—Ä–∏–Ω–∏–º–∞—Ç—å –ø–∏—â—É.‚†Ä- –≤-—Ç—Ä–µ—Ç—å–∏—Ö, –ø–æ–¥ —Å—Ç–æ–ª–µ—à–Ω–∏—Ü–µ–π –Ω–∞—Ö–æ–¥–∏—Ç—Å—è —É–≥–ª—É–±–ª–µ–Ω–∏–µ, –≤ –∫–æ—Ç–æ—Ä–æ–π –¥–µ—Ç–∫–∏ –º–æ–≥—É—Ç —É—Å—Ç—Ä–æ–∏—Ç—å –±–∞—Å—Å–µ–π–Ω —Å –≤–æ–¥–æ–π, —Ä–∞–∑—ã–≥—Ä—ã–≤–∞—è –≤–æ–¥–Ω—ã–µ –∏–≥—Ä—ã, –∞ —Ç–∞–∫–∂–µ –∏–≥—Ä–∞—Ç—å –≤ –ø–µ—Å–æ—á–Ω–∏—Ü—É, –Ω–∞—Å—ã–ø–∞–≤ –∫–∏–Ω–µ—Ç–∏—á–µ—Å–∫–∏–π –ª–∏–±–æ –¥—Ä—É–≥–æ–π —Å—ã–ø—É—á–∏–π –º–∞—Ç–µ—Ä–∏–∞–ª.‚†Ä–ö–æ–º–ø–ª–µ–∫—Ç –∏–∑–≥–æ—Ç–æ–≤–ª–µ–Ω –∏–∑ –±–µ–∑–æ–ø–∞—Å–Ω—ã—Ö –º–∞—Ç–µ—Ä–∏–∞–ª–æ–≤, –∫–æ—Ç–æ—Ä—ã–µ –Ω–∏–∫–∞–∫ –Ω–µ –≤—Ä–µ–¥—è—Ç –∑–¥–æ—Ä–æ–≤—å—é –¥–µ—Ç–æ–∫.‚†Ä–†–∏—Ñ–ª–µ–Ω–Ω–∞—è –ø–æ–≤–µ—Ä—Ö–Ω–æ—Å—Ç—å —Å—Ç–æ–ª–µ—à–Ω–∏—Ü—ã –ø—Ä–µ–¥–Ω–∞–∑–Ω–∞—á–µ–Ω–∞ –¥–ª—è –¥–≤—É—Ö –≤–∏–¥–æ–≤ –∫–æ–Ω—Å—Ç—Ä—É–∫—Ç–æ—Ä–æ–≤ (–ø–æ–¥ ""Lego Classic"" –∏ ""Lego Duplo"").‚†Ä–†–∞–∑–º–µ—Ä —Å—Ç–æ–ª–∏–∫–∞: 47—Ö47—Ö40 —Å–º.‚†Ä–ú–æ–∂–Ω–æ –∫—Ä–µ–ø–∏—Ç—å –¥–æ–ø–æ–ª–Ω–∏—Ç–µ–ª—å–Ω–æ 4 –±–æ—Ä—Ç–∏–∫–∞, —Å –∫–æ—Ç–æ—Ä—ã–º–∏ —Ä–∞–∑–º–µ—Ä —Å—Ç–æ–ª–∏–∫–∞ —Å–æ—Å—Ç–∞–≤–ª—è–µ—Ç: 63—Ö63—Ö45 —Å–º.‚†Ä–í –∫–æ–º–ø–ª–µ–∫—Ç–µ —Å–æ —Å—Ç–æ–ª–∏–∫–æ–º –∏–¥—É—Ç 2 —Å—Ç—É–ª—å—á–∏–∫–∞.‚†Ä–†–∞–∑–º–µ—Ä —Å—Ç—É–ª—å—á–∏–∫–æ–≤: 28—Ö28—Ö44 —Å–º.‚†Ä–†–∞–∑–º–µ—Ä —Å—Ç—É–ª—å—á–∏–∫–∞ –æ—Ç –ø–æ–ª–∞ –¥–æ —Å–∏–¥–µ–Ω–∏—è 24 —Å–º.‚†Ä–í –∫–æ–º–ø–ª–µ–∫—Ç –≤—Ö–æ–¥–∏—Ç –Ω–∞–±–æ—Ä –õ–µ–≥–æ-–∫–æ–Ω—Å—Ç—Ä—É–∫—Ç–æ—Ä.‚†Ä#–ª–µ–≥–æ—Å—Ç–æ–ª#—Å—Ç–æ–ª–ª–µ–≥–æ#–ª–µ–≥–æ—Å—Ç–æ–ª—ã#–ª–µ–≥–æ—Å—Ç–æ–ª–∞–ª–º–∞—Ç—ã#–ª–µ–≥–æ—Å—Ç–æ–ª–æ–ø—Ç–æ–º#–ª–µ–≥–æ—Å—Ç–æ–ª–Ω–µ–¥–æ—Ä–æ–≥–æ#–ª–µ–≥–æ—Å—Ç–æ–ª—Ç—Ä–∞–Ω—Å—Ñ–æ—Ä–º–µ—Ä#–º–Ω–æ–≥–æ—Ñ—É–Ω–∫—Ü–∏–æ–Ω–∞–ª—å–Ω—ã–π—Å—Ç–æ–ª#–ª–µ–≥–æ—Å—Ç–æ–ª–¥–ª—è–¥–µ—Ç–µ–π#—Å—Ç–æ–ª—Ç—Ä–∞–Ω—Å—Ñ–æ—Ä–º–µ—Ä#—Å—Ç–æ–ª—Ç—Ä–∞–Ω—Å—Ñ–æ—Ä–º–µ—Ä–∞–ª–º–∞—Ç—ã"
445,2021-05-15_15-14-10_UTC.txt,"üí¶ –î–ï–¢–°–ö–ò–ô –ö–û–í–†–ò–ö-–ë–ê–°–°–ï–ô–ù –° –§–û–ù–¢–ê–ù–û–ú
",–î—Ä—É–≥–æ–µ,1,2900,"http://localhost:8888/sabi/wp-content/uploads/2023/02/2021-05-15_15-14-10_UTC_1.jpg,http://localhost:8888/sabi/wp-content/uploads/2023/02/2021-05-15_15-14-10_UTC_2.jpg,http://localhost:8888/sabi/wp-content/uploads/2023/02/2021-05-15_15-14-10_UTC_3.jpg,http://localhost:8888/sabi/wp-content/uploads/2023/02/2021-05-15_15-14-10_UTC_4.jpg,http://localhost:8888/sabi/wp-content/uploads/2023/02/2021-05-15_15-14-10_UTC_5.jpg","‚û°Ô∏è –î–µ—Ç—Å–∫–∏–π –∫–æ–≤—Ä–∏–∫-–±–∞—Å—Å–µ–π–Ω —Å –≤–æ–¥—è–Ω—ã–º–∏ –±—Ä—ã–∑–≥–∞–º–∏ –∏ —è—Ä–∫–∏–º–∏ —Ä–∏—Å—É–Ω–∫–∞–º–∏ —Å—Ç–∞–Ω–µ—Ç –Ω–∞—Å—Ç–æ—è—â–∏–º —Å–ø–∞—Å–µ–Ω–∏–µ–º –æ—Ç –∑–Ω–æ—è –≤ –ª–µ—Ç–Ω–∏–µ –∂–∞—Ä–∫–∏–µ –¥–Ω–∏ –¥–ª—è –í–∞—à–µ–≥–æ –º–∞–ª—ã—à–∞ –∏ –ø—Ä–µ–∫—Ä–∞—Å–Ω—ã–º —Ä–µ—à–µ–Ω–∏–µ–º –¥–ª—è –≤–µ—Å–µ–ª–æ–≥–æ –ª–µ—Ç–Ω–µ–≥–æ –æ—Ç–¥—ã—Ö–∞ –¥–µ—Ç–≤–æ—Ä—ã!‚†Ä–ù–µ–±–æ–ª—å—à–æ–π, –Ω–æ –æ—á–µ–Ω—å —É—é—Ç–Ω—ã–π –±–∞—Å—Å–µ–π–Ω —Å —Ñ–æ–Ω—Ç–∞–Ω—á–∏–∫–æ–º –ø–æ–Ω—Ä–∞–≤–∏—Ç—Å—è –∫–∞–∂–¥–æ–º—É —Ä–µ–±–µ–Ω–∫—É.‚†Ä–ü–æ –ø–µ—Ä–∏–º–µ—Ç—Ä—É –±–æ—Ä—Ç–∏–∫–æ–≤ —Ä–∞—Å–ø–æ–ª–æ–∂–µ–Ω—ã –º–∞–ª–µ–Ω—å–∫–∏–µ –æ—Ç–≤–µ—Ä—Å—Ç–∏—è, —á–µ—Ä–µ–∑ –∫–æ—Ç–æ—Ä—ã–µ —Ç–æ–Ω–∫–∏–º–∏ —Å—Ç—Ä—É–π–∫–∞–º–∏ –±—Ä—ã–∑–≥–∞–µ—Ç –≤–æ–¥–∞, –æ—Ö–ª–∞–∂–¥–∞—è —Ä–µ–±—è—Ç–∏—à–µ–∫ –≤ –∂–∞—Ä–∫–∏–π –ª–µ—Ç–Ω–∏–π –¥–µ–Ω—å.‚†Ä–î–ª—è —Ä–∞–±–æ—Ç—ã —Ñ–æ–Ω—Ç–∞–Ω—á–∏–∫–∞ –≤–∞–º –ø–æ–Ω–∞–¥–æ–±–∏—Ç—Å—è –æ–±—ã—á–Ω—ã–π —Å–∞–¥–æ–≤—ã–π —à–ª–∞–Ω–≥, –∫–æ—Ç–æ—Ä—ã–π –Ω—É–∂–Ω–æ –ø–æ–¥–∫–ª—é—á–∏—Ç—å –∫ —Å–ø–µ—Ü–∏–∞–ª—å–Ω–æ–º—É –æ—Ç–≤–µ—Ä—Å—Ç–∏—é –≤ –±–∞—Å—Å–µ–π–Ω–µ.‚†Ä–ï—Å–ª–∏ –¥–µ—Ç—Å–∫–∏–π –º–∏–Ω–∏-–±–∞—Å—Å–µ–π–Ω —á—Ä–µ–∑–º–µ—Ä–Ω–æ –Ω–∞–ø–æ–ª–Ω–∏–ª—Å—è, –¥–æ—Å—Ç–∞—Ç–æ—á–Ω–æ –æ—Ç–∫—Ä—ã—Ç—å –∫–ª–∞–ø–∞–Ω –≤ –Ω–∏–∂–Ω–µ–π —á–∞—Å—Ç–∏ –±–∞—Å—Å–µ–π–Ω–∞, —á—Ç–æ–±—ã –≤—ã–ø—É—Å—Ç–∏—Ç—å –ª–∏—à–Ω—é—é –≤–æ–¥—É.‚†Ä–ú–∏–Ω–∏-–±–∞—Å—Å–µ–π–Ω –±—ã—Å—Ç—Ä–æ, –ø—Ä–æ—Å—Ç–æ –∏ –ª–µ–≥–∫–æ —Ä–∞–∑–º–µ—â–∞–µ—Ç—Å—è –Ω–∞ –ª—é–±–æ–π —Ä–æ–≤–Ω–æ–π –ø–æ–≤–µ—Ä—Ö–Ω–æ—Å—Ç–∏.‚†Ä–ò–∑–≥–æ—Ç–æ–≤–ª–µ–Ω –∏–∑ –∫–∞—á–µ—Å—Ç–≤–µ–Ω–Ω–æ–≥–æ –∏ –ø—Ä–æ—á–Ω–æ–≥–æ –ü–í–•, –≥–∏–ø–æ–∞–ª–ª–µ—Ä–≥–µ–Ω–µ–Ω –∏ –±–µ–∑–æ–ø–∞—Å–µ–Ω –¥–ª—è –∑–¥–æ—Ä–æ–≤—å—è.‚†Ä–î–∏–∞–º–µ—Ç—Ä –∫–æ–≤—Ä–∏–∫–∞-–±–∞—Å—Å–µ–π–Ω–∞ - 170 —Å–º."
451,2023-01-23_16-26-39_UTC.txt,"üê¶ –ò–ì–†–£–®–ö–ê-–°–í–ò–°–¢–£–õ–¨–ö–ê ¬´–ü—Ç–∏—á–∫–∞-–Ω–µ–≤–µ–ª–∏—á–∫–∞¬ª –æ—Ç ""Hola""
",–î—Ä—É–≥–æ–µ,0,0,"http://localhost:8888/sabi/wp-content/uploads/2023/02/2023-01-23_16-26-39_UTC_1.jpg,http://localhost:8888/sabi/wp-content/uploads/2023/02/2023-01-23_16-26-39_UTC_2.jpg,http://localhost:8888/sabi/wp-content/uploads/2023/02/2023-01-23_16-26-39_UTC_3.jpg,http://localhost:8888/sabi/wp-content/uploads/2023/02/2023-01-23_16-26-39_UTC_4.jpg,http://localhost:8888/sabi/wp-content/uploads/2023/02/2023-01-23_16-26-39_UTC_5.jpg,http://localhost:8888/sabi/wp-content/uploads/2023/02/2023-01-23_16-26-39_UTC_6.jpg","- –∑–∞ 1 –µ–¥–∏–Ω–∏—Ü—É —Ç–æ–≤–∞—Ä–∞ - 815 KZT üá∞üáø / 116 RUB üá∑üá∫- –∑–∞ —É–ø–∞–∫–æ–≤–∫—É –∏–∑ 12 —à—Ç. - 9 750 üá∞üáø / 1 393 RUB üá∑üá∫üìå –û–ü–ò–°–ê–ù–ò–ï: –û—á–∞—Ä–æ–≤–∞—Ç–µ–ª—å–Ω—ã–µ –∏ —è—Ä–∫–∏–µ –ø—Ç–∏—á–∫–∏-—Å–≤–∏—Å—Ç—É–ª—å–∫–∏ –≤ –∫—Ä–∞—Å–∏–≤–æ–º –æ—Ä–Ω–∞–º–µ–Ω—Ç–µ —Å—Ç–∞–Ω—É—Ç –ø–µ—Ä–≤—ã–º –¥—É—Ö–æ–≤—ã–º –∏–Ω—Å—Ç—Ä—É–º–µ–Ω—Ç–æ–º –¥–ª—è –º–∞–ª—ã—à–µ–π.‚†Ä–° –ø–æ–º–æ—â—å—é –∫—Ä–∞—Å–∏–≤–æ–π –ø—Ç–∞—à–∫–∏ —Ä–µ–±–µ–Ω–æ–∫ –±—É–¥–µ—Ç –æ—Å–≤–∞–∏–≤–∞—Ç—å —Å–≤–æ–π –ø–µ—Ä–≤—ã–π –º—É–∑—ã–∫–∞–ª—å–Ω—ã–π –∏–Ω—Å—Ç—Ä—É–º–µ–Ω—Ç, —Ä–∞–∑–≤–∏–≤–∞—è –ª—ë–≥–∫–∏–µ –∏ –º—É–∑—ã–∫–∞–ª—å–Ω—ã–π —Å–ª—É—Ö.‚†Ä–ü—Ç–∏—Ü–∞ –ø–æ–µ—Ç —Ä–∞–∑–Ω—ã–º–∏ —Ü–≤–µ—Ç–∞–º–∏ –≤ –∑–∞–≤–∏—Å–∏–º–æ—Å—Ç–∏ –æ—Ç –µ–º–∫–æ—Å—Ç–∏ –≤–æ–¥—ã –∏ —Å–∏–ª—ã —É–¥–∞—Ä–∞.‚†Ä–î—É—è –≤ –ø—É—Å—Ç—É—é –ø—Ç–∏—Ü—É, –æ–Ω–∞ –∏–∑–¥–∞–µ—Ç —è—Å–Ω—ã–π –≥—Ä–æ–º–∫–∏–π –∑–≤—É–∫, –∞ –ø–æ—Å–ª–µ —Ç–æ–≥–æ, –∫–∞–∫ —á–µ—Ä–µ–∑ –æ—Ç–≤–µ—Ä—Å—Ç–∏–µ –Ω–∞ –≥–æ–ª–æ–≤–µ –Ω–∞–ª—å–µ—Ç—Å—è –≤–æ–¥–∞, –æ–Ω–∞ –æ—á–∞—Ä–æ–≤–∞—Ç–µ–ª—å–Ω–æ —á–∏—Ä–∏–∫–∞–µ—Ç.üë∂ –í–û–ó–†–ê–°–¢: –æ—Ç 3-—Ö –ª–µ—Çüß™ –ú–ê–¢–ï–†–ò–ê–õ: –≤—ã—Å–æ–∫–æ–∫–∞—á–µ—Å—Ç–≤–µ–Ω–Ω—ã–π ABS-–ø–ª–∞—Å—Ç–∏–∫üõçÔ∏è –£–ü–ê–ö–û–í–ö–ê: —Ü–≤–µ—Ç–Ω–∞—è –∫–æ—Ä–æ–±–∫–∞üì¶ –ö–û–õ-–í–û –í –¢–†–ê–ù–°–ü–û–†–¢–ù–û–ô –ö–û–†–û–ë–ö–ï: 12 —à—Ç."
