,short_description,category,availability,price,images,full_description
0,"–ú–Ω–æ–≥–æ—Ñ—É–Ω–∫—Ü–∏–æ–Ω–∞–ª—å–Ω—ã–π —Ä–∞–∑–≤–∏–≤–∞—é—â–∏–π –∏–≥—Ä–æ–≤–æ–π —Ü–µ–Ω—Ç—Ä ""8–≤1"" ¬´–∫–æ—Ä–æ–≤–∫–∞¬ª
",–û–±—É—á–µ–Ω–∏–µ,1,4900,"http://localhost:8888/sabi/wp-content/uploads/2023/02/_1.jpg,http://localhost:8888/sabi/wp-content/uploads/2023/02/,http://localhost:8888/sabi/wp-content/uploads/2023/02/,http://localhost:8888/sabi/wp-content/uploads/2023/02/,http://localhost:8888/sabi/wp-content/uploads/2023/02/,http://localhost:8888/sabi/wp-content/uploads/2023/02/,http://localhost:8888/sabi/wp-content/uploads/2023/02/","‚û°Ô∏è –ú–Ω–æ–≥–æ—Ñ—É–Ω–∫—Ü–∏–æ–Ω–∞–ª—å–Ω—ã–π —Ä–∞–∑–≤–∏–≤–∞—é—â–∏–π –∏–≥—Ä–æ–≤–æ–π —Ü–µ–Ω—Ç—Ä ""–ö–æ—Ä–æ–≤–∫–∞"" - —ç—Ç–æ —Ü–µ–ª—ã–π –∏–≥—Ä–æ–≤–æ–π –∫–æ–º–ø–ª–µ–∫—Å –¥–ª—è –∫–æ–º–ø–ª–µ–∫—Å–Ω–æ–≥–æ —Ä–∞–∑–≤–∏—Ç–∏—è –º–∞–ª—ã—à–∞.
‚†Ä–î–∞–Ω–Ω—ã–π –∫–æ–º–ø–ª–µ–∫—Å –≤–∫–ª—é—á–∞–µ—Ç –≤ —Å–µ–±—è 8 –∏–≥—Ä–æ–≤—ã—Ö —ç–ª–µ–º–µ–Ω—Ç–æ–≤ –ø–æ —Å–∏—Å—Ç–µ–º–µ –ú–æ–Ω—Ç–µ—Å—Å–æ—Ä–∏ –¥–ª—è —Ä–∞–∑–≤–∏—Ç–∏—è –º–µ–ª–∫–æ–π –º–æ—Ç–æ—Ä–∏–∫–∏, –ª–æ–≥–∏–∫–∏, –∫–æ–æ—Ä–¥–∏–Ω–∞—Ü–∏–∏, –º—É–∑—ã–∫–∞–ª—å–Ω—ã—Ö —Å–ø–æ—Å–æ–±–Ω–æ—Å—Ç–µ–π:
‚†Ä- –∫–∞—Ç–∞–ª–∫–∞ —Å –≤–µ—Ä–µ–≤–æ—á–∫–æ–π;
‚†Ä- –∏–≥—Ä–∞-—Å—Ç—É—á–∞–ª–∫–∞ —Å 2 –º–æ–ª–æ—Ç–æ—á–∫–∞–º–∏;
‚†Ä- –∞—Ä–∏—Ñ–º–µ—Ç–∏—á–µ—Å–∫–∏–µ —Å—á—ë—Ç—ã;
‚†Ä- –∫—Å–∏–ª–æ—Ñ–æ–Ω —Å –ø–∞–ª–æ—á–∫–æ–π;
‚†Ä- –º–∞–≥–Ω–∏—Ç–Ω–∞—è —Ä—ã–±–∞–ª–∫–∞ —Å 4 —Ä—ã–±–∫–∞–º–∏;
‚†Ä- –º–∞–≥–Ω–∏—Ç–Ω–∞—è —Ä—ã–±–∞–ª–∫–∞ —Å 8 —á–µ—Ä–≤—è–∫–∞–º–∏;
‚†Ä- –ª–æ–≥–∏—á–µ—Å–∫–∏–π –ª–∞–±–∏—Ä–∏–Ω—Ç ""–ö—Ç–æ —á—Ç–æ –µ—Å—Ç?""
‚†Ä- –∏–≥—Ä–∞ ""–í—Ä–∞—â–∞—é—â–µ–µ—Å—è –∫–æ–ª–µ—Å–æ""
‚†Ä–†–∞–∑–≤–∏–≤–∞—é—â–∞—è –∏–≥—Ä—É—à–∫–∞ ""8–≤1"" –≤—ã–ø–æ–ª–Ω–µ–Ω–∞ –∏–∑ –Ω–∞—Ç—É—Ä–∞–ª—å–Ω–æ–≥–æ –¥–µ—Ä–µ–≤–∞ –∏ –æ–∫—Ä–∞—à–µ–Ω–∞ –≤ –ø—Ä–∏—è—Ç–Ω—ã–µ —Ü–≤–µ—Ç–∞ –±–µ–∑–æ–ø–∞—Å–Ω–æ–π –≤–æ–¥–Ω–æ–π –∫—Ä–∞—Å–∫–æ–π.
‚†Ä–ò–≥—Ä—É—à–∫–∞ —Ä–µ–∫–æ–º–µ–Ω–¥–æ–≤–∞–Ω–∞ –æ—Ç 3 –ª–µ—Ç, –Ω–æ –ø–æ–¥ –ø—Ä–∏—Å–º–æ—Ç—Ä–æ–º –≤–∑—Ä–æ—Å–ª—ã—Ö –º–æ–∂–Ω–æ –∏—Å–ø–æ–ª—å–∑–æ–≤–∞—Ç—å —Ä–∞–Ω—å—à–µ.
üß™ –ú–ê–¢–ï–†–ò–ê–õ: –¥–µ—Ä–µ–≤–æ
üõçÔ∏è –£–ü–ê–ö–û–í–ö–ê: —Ü–≤–µ—Ç–Ω–∞—è –∫–æ—Ä–æ–±–∫–∞ 
üì¶ –ö–û–õ-–í–û –í –¢–†–ê–ù–°–ü–û–†–¢–ù–û–ô –ö–û–†–û–ë–ö–ï: 18 —à—Ç.
"
1,"–ú–Ω–æ–≥–æ—Ñ—É–Ω–∫—Ü–∏–æ–Ω–∞–ª—å–Ω–∞—è –ª–æ–≥–∞—Ä–∏—Ñ–º–∏—á–µ—Å–∫–∞—è –¥–æ—Å–∫–∞ ""6–≤1"" ¬´—Ä—É—Å—Å–∫–∏–π –∞–ª—Ñ–∞–≤–∏—Ç¬ª
",–ú–∞—Ç–µ–º–∞—Ç–∏—á–µ—Å–∫–æ–µ —Ä–∞–∑–≤–∏—Ç–∏–µ –∏ –æ–±—É—á–µ–Ω–∏–µ,1,3300,"http://localhost:8888/sabi/wp-content/uploads/2023/02/_1.jpg,http://localhost:8888/sabi/wp-content/uploads/2023/02/,http://localhost:8888/sabi/wp-content/uploads/2023/02/,http://localhost:8888/sabi/wp-content/uploads/2023/02/,http://localhost:8888/sabi/wp-content/uploads/2023/02/,http://localhost:8888/sabi/wp-content/uploads/2023/02/,http://localhost:8888/sabi/wp-content/uploads/2023/02/","‚û°Ô∏è –ë–æ–ª—å—à–∞—è –º–Ω–æ–≥–æ—Ñ—É–Ω–∫—Ü–∏–æ–Ω–∞–ª—å–Ω–∞—è –¥–µ—Ä–µ–≤—è–Ω–Ω–∞—è –∏–≥—Ä–æ–≤–∞—è –ø–∞–Ω–µ–ª—å, —Å–æ—á–µ—Ç–∞—é—â–∞—è –≤ —Å–µ–±–µ 7 —Ä–∞–∑–≤–∏–≤–∞—é—â–∏—Ö –∏ –æ–±—É—á–∞—é—â–∏—Ö  –∏–≥—Ä, –Ω–∞–ø—Ä–∞–≤–ª–µ–Ω–Ω—ã—Ö –Ω–∞ —Ä–∞–Ω–µ–µ —Ä–∞–∑–≤–∏—Ç–∏–µ —Ä–µ–±–µ–Ω–∫–∞:
‚†Ä- –∏–≥—Ä–∞ ""–º–∞–≥–Ω–∏—Ç–Ω–∞—è —Ä—ã–±–∞–ª–∫–∞"";
‚†Ä- —Ü–≤–µ—Ç–Ω—ã–µ –∫–æ–ª–µ—á–∫–∏ —Å–æ —Å—Ç–æ–ª–±–∏–∫–∞–º–∏;
‚†Ä- —Ü–≤–µ—Ç–Ω—ã–µ —Ü–∏—Ñ—Ä—ã –æ—Ç 0 –¥–æ 10;
‚†Ä- –º–∞—Ç–µ–º–∞—Ç–∏—á–µ—Å–∫–∏–µ –∑–Ω–∞–∫–∏ ""+"" ""-"" ""=""
‚†Ä- –±—É–∫–≤—ã —Ä—É—Å—Å–∫–æ–≥–æ –∞–ª—Ñ–∞–≤–∏—Ç–∞;
‚†Ä- —Ñ–∏–≥—É—Ä–∫–∏ –∂–∏–≤–æ—Ç–Ω—ã—Ö –∏ –¥–∏–Ω–æ–∑–∞–≤—Ä–æ–≤;
‚†Ä- —Ñ–∏–≥—É—Ä–∫–∏ —Ä–∞–∑–ª–∏—á–Ω—ã—Ö –≤–∏–¥–æ–≤ —Ç—Ä–∞–Ω—Å–ø–æ—Ä—Ç–∞.
üë∂ –í–û–ó–†–ê–°–¢: –æ—Ç 3-—Ö –ª–µ—Ç 
üß™ –ú–ê–¢–ï–†–ò–ê–õ: –¥–µ—Ä–µ–≤–æ
üõçÔ∏è –£–ü–ê–ö–û–í–ö–ê: —Ü–≤–µ—Ç–Ω–∞—è –∫–æ—Ä–æ–±–∫–∞ 
üì¶ –ö–û–õ-–í–û –í –¢–†–ê–ù–°–ü–û–†–¢–ù–û–ô –ö–û–†–û–ë–ö–ï: 30 —à—Ç.
"
2,"–î–µ—Ä–µ–≤—è–Ω–Ω–∞—è –º–æ–∑–∞–π–∫–∞ —Å —à–∞—Ä–∏–∫–∞–º–∏-—Ñ–∏—à–∫–∞–º–∏ –∏ –∫–∞—Ä—Ç–æ—á–∫–∞–º–∏-—Ç—Ä–∞—Ñ–∞—Ä–µ—Ç–∞–º–∏ (25 —Ñ–∏—à–µ–∫/10 –∫–∞—Ä—Ç–æ—á–µ–∫)
",–ú–æ–∑–∞–∏–∫–∞,1,1800,"http://localhost:8888/sabi/wp-content/uploads/2023/02/_1.jpg,http://localhost:8888/sabi/wp-content/uploads/2023/02/,http://localhost:8888/sabi/wp-content/uploads/2023/02/,http://localhost:8888/sabi/wp-content/uploads/2023/02/,http://localhost:8888/sabi/wp-content/uploads/2023/02/,http://localhost:8888/sabi/wp-content/uploads/2023/02/,http://localhost:8888/sabi/wp-content/uploads/2023/02/,http://localhost:8888/sabi/wp-content/uploads/2023/02/","üìå –û–ü–ò–°–ê–ù–ò–ï: –î–µ—Ä–µ–≤—è–Ω–Ω–∞—è —à–∞—Ä–∏–∫–æ–≤–∞—è –º–æ–∑–∞–π–∫–∞ - —ç—Ç–æ –ø–æ–ª–µ–∑–Ω–∞—è –∏–≥—Ä–∞ –¥–ª—è —Ä–∞–∑–≤–∏—Ç–∏—è —Ñ–∞–Ω—Ç–∞–∑–∏–∏ –∏ –ª–æ–≥–∏—á–µ—Å–∫–æ–≥–æ –º—ã—à–ª–µ–Ω–∏—è —É –º–∞–ª—ã—à–µ–π.
‚†Ä–í –∫–æ–º–ø–ª–µ–∫—Ç –≤—Ö–æ–¥—è—Ç 10 —è—Ä–∫–∏—Ö —Ç–µ–º–∞—Ç–∏—á–µ—Å–∫–∏—Ö –∫–∞—Ä—Ç–æ—á–µ–∫-—Ç—Ä–∞—Ñ–∞—Ä–µ—Ç–æ–≤ –∏ 25 —Ä–∞–∑–Ω–æ—Ü–≤–µ—Ç–Ω—ã—Ö —Ñ–∏—à–µ–∫.
–í–∞—Ä–∏–∞–Ω—Ç—ã –∏–≥—Ä:
‚†Ä- –ø–æ–¥–æ–±—Ä–∞—Ç—å —Ñ–∏—à–∫–∏ –ø–æ —Ü–≤–µ—Ç—É –Ω–∞ –∫–∞—Ä—Ç–æ—á–∫–∞—Ö –∏ —Ä–∞–∑–º–µ—Å—Ç–∏—Ç—å –∏—Ö –Ω–∞ –∏–≥—Ä–æ–≤–æ–º –ø–æ–ª–µ;
‚†Ä- –ø–µ—Ä–µ–º–µ—à–∞—Ç—å –≤—Å–µ —à–∞—Ä–∏–∫–∏ –∏ –ø—Ä–µ–¥–ª–æ–∂–∏—Ç—å —Ä–µ–±—ë–Ω–∫—É —Ä–∞—Å—Å–æ—Ä—Ç–∏—Ä–æ–≤–∞—Ç—å –∏—Ö –ø–æ —Ü–≤–µ—Ç–∞–º;
‚†Ä- –≤—ã—Å—Ç—Ä–æ–∏—Ç—å –Ω–∞ –ø–æ–ª–µ —É–∑–æ—Ä—ã –≤ –≤–∏–¥–µ —Ü–∏—Ñ—Ä, –±—É–∫–≤ –∏–ª–∏ –≥–µ–æ–º–µ—Ç—Ä–∏—á–µ—Å–∫–∏—Ö —Ñ–∏–≥—É—Ä;
‚†Ä- –∏—Å–ø–æ–ª—å–∑–æ–≤–∞—Ç—å –¥–µ—Ä–µ–≤—è–Ω–Ω—ã–µ —Ü–≤–µ—Ç–Ω—ã–µ —Ñ–∏—à–∫–∏ –≤ –∫–∞—á–µ—Å—Ç–≤–µ —Å—á—ë—Ç–Ω–æ–≥–æ –º–∞—Ç–µ—Ä–∏–∞–ª–∞.
‚†Ä–¢–∞–∫–æ–µ —Ç–≤–æ—Ä—á–µ—Å—Ç–≤–æ —Ç—Ä–µ–Ω–∏—Ä—É–µ—Ç –ª–æ–≤–∫–æ—Å—Ç—å —Ä—É–∫,  –º–æ—Ç–æ—Ä–∏–∫—É –ø–∞–ª—å—á–∏–∫–æ–≤, –∫–æ–æ—Ä–¥–∏–Ω–∞—Ü–∏—é –¥–≤–∏–∂–µ–Ω–∏–π, —Ä–∞–∑–≤–∏–≤–∞–µ—Ç —Ü–≤–µ—Ç–æ–≤–æ—Å–ø—Ä–∏—è—Ç–∏–µ, –ª–æ–≥–∏—á–µ—Å–∫–æ–µ –∏ –ø—Ä–æ—Å—Ç—Ä–∞–Ω—Å—Ç–≤–µ–Ω–Ω–æ–µ –º—ã—à–ª–µ–Ω–∏–µ.
‚†Ä–ò–≥—Ä–∞ –≤—ã–ø–æ–ª–Ω–µ–Ω–∞ –∏–∑ —ç–∫–æ–ª–æ–≥–∏—á–µ—Å–∫–∏ —á–∏—Å—Ç—ã—Ö –º–∞—Ç–µ—Ä–∏–∞–ª–æ–≤ –∏ –æ–∫—Ä–∞—à–µ–Ω–∞ –±–µ–∑–≤—Ä–µ–¥–Ω—ã–º–∏ –∞–∫—Ä–∏–ª–æ–≤—ã–º–∏ –∫—Ä–∞—Å–∫–∞–º–∏, –ø—Ä–æ–∏–∑–≤–µ–¥—ë–Ω–Ω—ã–º–∏ –Ω–∞ –≤–æ–¥–Ω–æ–π –æ—Å–Ω–æ–≤–µ.
üë∂ –í–û–ó–†–ê–°–¢: –æ—Ç 3-—Ö –ª–µ—Ç
üß™ –ú–ê–¢–ï–†–ò–ê–õ: –¥–µ—Ä–µ–≤–æ, –∫–∞—Ä—Ç–æ–Ω
üõçÔ∏è –£–ü–ê–ö–û–í–ö–ê: —Ü–≤–µ—Ç–Ω–∞—è –∫–æ—Ä–æ–±–∫–∞ 
üì¶ –ö–û–õ-–í–û –í –¢–†–ê–ù–°–ü–û–†–¢–ù–û–ô –ö–û–†–û–ë–ö–ï: 48 —à—Ç.
"
3,"–ò–≥—Ä–æ–≤–æ–π —ç–ª–µ–∫—Ç—Ä–æ–º–µ—Ö–∞–Ω–∏—á–µ—Å–∫–∏–π –ø–æ–µ–∑–¥ ¬´–ì—Ä—É–∑–æ–≤–æ–π —ç–∫—Å–ø—Ä–µ—Å—Å¬ª –¥–ª—è –∂–µ–ª–µ–∑–Ω—ã—Ö –¥–æ—Ä–æ–≥
",–°—é–∂–µ—Ç–Ω–æ-—Ä–æ–ª–µ–≤—ã–µ –Ω–∞–±–æ—Ä—ã,1,1600,"http://localhost:8888/sabi/wp-content/uploads/2023/02/_1.jpg,http://localhost:8888/sabi/wp-content/uploads/2023/02/,http://localhost:8888/sabi/wp-content/uploads/2023/02/,http://localhost:8888/sabi/wp-content/uploads/2023/02/","üìå –û–ü–ò–°–ê–ù–ò–ï: –ò–≥—Ä–æ–≤–æ–π —ç–ª–µ–∫—Ç—Ä–æ–º–µ—Ö–∞–Ω–∏—á–µ—Å–∫–∏–π —Å–∫–æ—Ä–æ—Å—Ç–Ω–æ–π –ø–æ–µ–∑–¥ –≤—ã–ø–æ–ª–Ω–µ–Ω –≤ —Å–æ–≤—Ä–µ–º–µ–Ω–Ω–æ–º —è—Ä–∫–æ–º –¥–∏–∑–∞–π–Ω–µ –∏ —Å–æ—Å—Ç–æ–∏—Ç –∏–∑ 1 –ª–æ–∫–æ–º–æ—Ç–∏–≤–∞ –∏ 2-—Ö –≥—Ä—É–∑–æ–≤—ã—Ö –≤–∞–≥–æ–Ω–æ–≤.
‚†Ä–õ–æ–∫–æ–º–æ—Ç–∏–≤ –∏ –≤–∞–≥–æ–Ω—ã —Å–æ–µ–¥–∏–Ω–µ–Ω—ã –º–µ–∂–¥—É —Å–æ–±–æ–π —Å –ø–æ–º–æ—â—å—é –º–∞–≥–Ω–∏—Ç–Ω–æ–π —Å—Ü–µ–ø–∫–∏.
‚†Ä–î–ª—è –∞–∫—Ç–∏–≤–∞—Ü–∏–∏ –ø–æ–µ–∑–¥–∞ –Ω–µ–æ–±—Ö–æ–¥–∏–º–æ –Ω–∞–∂–∞—Ç—å –Ω–∞ –∫–Ω–æ–ø–∫—É –Ω–∞ –∫—Ä—ã—à–µ –ª–æ–∫–æ–º–æ—Ç–∏–≤–∞.
‚†Ä–î–≤–∏–∂–µ–Ω–∏–µ –ø–æ–µ–∑–¥–∞ –æ—Å—É—â–µ—Å—Ç–≤–ª—è–µ—Ç—Å—è –≤ –¥–≤—É—Ö –Ω–∞–ø—Ä–∞–≤–ª–µ–Ω–∏—è—Ö (–≤–ø–µ—Ä—ë–¥/–Ω–∞–∑–∞–¥). –î–ª—è –≤—ã–±–æ—Ä–∞ –Ω–∞–ø—Ä–∞–≤–ª–µ–Ω–∏—è –¥–≤–∏–∂–µ–Ω–∏—è –Ω—É–∂–Ω–æ –ø–æ—Å—Ç–∞–≤–∏—Ç—å –ø–µ—Ä–µ–∫–ª—é—á–∞—Ç–µ–ª—å –Ω–∞ –∫—Ä—ã—à–µ –≤ –∫—Ä–∞–π–Ω–µ–µ –ø—Ä–∞–≤–æ–µ –∏–ª–∏ –ª–µ–≤–æ–µ –ø–æ–ª–æ–∂–µ–Ω–∏–µ.
‚†Ä–ò–¥–µ–∞–ª—å–Ω—ã–π –≤–∞—Ä–∏–∞–Ω—Ç –¥–ª—è –∫–æ–º–ø–ª–µ–∫—Ç–∞—Ü–∏–∏ –∏–ª–∏ —Ä–∞—Å—à–∏—Ä–µ–Ω–∏—è –∏–º–µ—é—â–∏—Ö—Å—è —É —Ä–µ–±–µ–Ω–∫–∞ –Ω–∞–±–æ—Ä–æ–≤ –∂–µ–ª–µ–∑–Ω—ã—Ö –¥–æ—Ä–æ–≥.
‚†Ä–ò–≥—Ä–æ–≤–æ–π –ø–æ–µ–∑–¥ –∞–±—Å–æ–ª—é—Ç–Ω–æ —Å–æ–≤–º–µ—Å—Ç–∏–º —Å–æ –≤—Å–µ–º–∏ –¥–µ—Ä–µ–≤—è–Ω–Ω—ã–º–∏ –∏ –ø–ª–∞—Å—Ç–∏–∫–æ–≤—ã–º–∏ –Ω–∞–±–æ—Ä–∞–º–∏ –∂–µ–ª–µ–∑–Ω—ã—Ö –¥–æ—Ä–æ–≥ –¥—Ä—É–≥–∏—Ö –ø—Ä–æ–∏–∑–≤–æ–¥–∏—Ç–µ–ª–µ–π.
‚†Ä–ò–≥—Ä—É—à–∫–∞ —Ä–∞–±–æ—Ç–∞–µ—Ç –æ—Ç 1 –±–∞—Ç–∞—Ä–µ–π–∫–∏ —Ç–∏–ø–∞ ""–ê–ê"" (–Ω–µ –≤—Ö–æ–¥–∏—Ç –≤ –∫–æ–º–ø–ª–µ–∫—Ç).
üë∂ –í–û–ó–†–ê–°–¢: –æ—Ç 3-—Ö –ª–µ—Ç
üß™ –ú–ê–¢–ï–†–ò–ê–õ: –ø–ª–∞—Å—Ç–∏–∫ 
üõçÔ∏è –£–ü–ê–ö–û–í–ö–ê: —Ü–≤–µ—Ç–Ω–∞—è –∫–æ—Ä–æ–±–∫–∞ 
üì¶ –ö–û–õ-–í–û –í –¢–†–ê–ù–°–ü–û–†–¢–ù–û–ô –ö–û–†–û–ë–ö–ï: 120
"
4,"–ë–æ–ª—å—à–∏–µ —Ñ–∏–≥—É—Ä–Ω—ã–µ –ø–∞–∑–ª—ã –∏–∑ 287 —ç–ª–µ–º–µ–Ω—Ç–æ–≤ (–≤ –∞—Å—Å–æ—Ä—Ç–∏–º–µ–Ω—Ç–µ)
",–ü–∞–∑–ª,1,2100,"http://localhost:8888/sabi/wp-content/uploads/2023/02/_1.jpg,http://localhost:8888/sabi/wp-content/uploads/2023/02/,http://localhost:8888/sabi/wp-content/uploads/2023/02/,http://localhost:8888/sabi/wp-content/uploads/2023/02/,http://localhost:8888/sabi/wp-content/uploads/2023/02/,http://localhost:8888/sabi/wp-content/uploads/2023/02/,http://localhost:8888/sabi/wp-content/uploads/2023/02/,http://localhost:8888/sabi/wp-content/uploads/2023/02/","üìå –û–ü–ò–°–ê–ù–ò–ï: –§–∞–Ω—Ç–∞—Å—Ç–∏—á–µ—Å–∫–∏ –∫—Ä–∞—Å–∏–≤—ã–µ —Ñ–∏–≥—É—Ä–Ω—ã–µ –ø–∞–∑–ª—ã –ø—Ä–∏–≥–ª–∞—à–∞—é—Ç –ª—é–±–æ–∑–Ω–∞—Ç–µ–ª—å–Ω—ã—Ö –¥–µ—Ç–∏—à–µ–∫ –≤ —É–¥–∏–≤–∏—Ç–µ–ª—å–Ω–æ–µ –ø—Ä–∏–∫–ª—é—á–µ–Ω–∏–µ, –≥–¥–µ –æ–±–∏—Ç–∞—é—Ç –º–Ω–æ–∂–µ—Å—Ç–≤–æ —ç–∫–∑–æ—Ç–∏—á–µ—Å–∫–∏—Ö –∂–∏–≤–æ—Ç–Ω—ã—Ö, –ø—Ç–∏—Ü –∏ –ø–æ–¥–≤–æ–¥–Ω—ã—Ö –æ–±–∏—Ç–∞—Ç–µ–ª–µ–π!
‚†Ä–ü–∞–∑–ª—ã –ø—Ä–µ–¥—Å—Ç–∞–≤–ª–µ–Ω—ã –≤ –æ–¥–Ω–æ–π –∏–∑ 4 —Ç–µ–º–∞—Ç–∏–∫: –ù–æ—Å–æ—Ä–æ–≥ (–∞—Ñ—Ä–∏–∫–∞), –°–ª–æ–Ω (–¥–∂—É–Ω–≥–ª–∏), –ö–∏—Ç (–º–æ—Ä—Å–∫–æ–π –º–∏—Ä) –∏ –¢–∏—Ä–∞–Ω–Ω–æ–∑–∞–≤—Ä (–¥–∏–Ω–æ–∑–∞–≤—Ä—ã).
‚†Ä–¢–∞–∫–∂–µ, –≤ –∫–∞–∂–¥–æ–º –ø–∞–∑–ª–µ –∏–º–µ—é—Ç—Å—è 2 –¥–æ–ø–æ–ª–Ω–∏—Ç–µ–ª—å–Ω—ã–µ —Ñ–∏–≥—É—Ä–∫–∏ –Ω–∞ –ø–æ–¥—Å—Ç–∞–≤–∫–µ.
‚†Ä–í–µ—Å–µ–ª–∞—è –∏ —É–≤–ª–µ–∫–∞—Ç–µ–ª—å–Ω–∞—è –∏–≥—Ä–∞ —Å–æ–ø—Ä–æ–≤–æ–∂–¥–∞–µ—Ç—Å—è –º–∞–Ω–∏–ø—É–ª—è—Ü–∏—è–º–∏ —Å –Ω–µ–±–æ–ª—å—à–∏–º–∏ —ç–ª–µ–º–µ–Ω—Ç–∞–º–∏, —Å–æ–ø–æ—Å—Ç–∞–≤–ª–µ–Ω–∏–µ–º –¥–µ—Ç–∞–ª–µ–π –∏ —Å–±–æ—Ä–∫–µ –∫–∞—Ä—Ç–∏–Ω–∫–∏ –ø–æ –æ—Ç–¥–µ–ª—å–Ω–æ–º—É –æ–±—Ä–∞–∑—Ü—É –≤ –Ω–∞–±–æ—Ä–µ, –≤ —Ä–µ–∑—É–ª—å—Ç–∞—Ç–µ —á–µ–≥–æ —Ä–∞–∑–≤–∏–≤–∞–µ—Ç—Å—è —Å–µ–Ω—Å–æ—Ä–Ω–æ–µ –≤–æ—Å–ø—Ä–∏—è—Ç–∏–µ –∏ –º–µ–ª–∫–∞—è –º–æ—Ç–æ—Ä–∏–∫–∞.
‚†Ä–ö—Ä–æ–º–µ —Ç–æ–≥–æ, —ç—Ç–∏ –±–æ–ª—å—à–∏–µ –ø–∞–∑–ª—ã –æ—Ç–ª–∏—á–Ω–æ –ø–æ–¥—Ö–æ–¥—è—Ç –¥–ª—è –∏–≥—Ä —Å –ø–æ–∏—Å–∫–æ–º –∂–∏–≤–æ—Ç–Ω—ã—Ö. –ù–∞–ø—Ä–∏–º–µ—Ä, –ø–æ–ø—Ä–æ—Å–∏—Ç–µ —Ä–µ–±—ë–Ω–∫–∞ –Ω–∞–π—Ç–∏ –æ–∑–æ—Ä–Ω—É—é –º–∞—Ä—Ç—ã—à–∫—É, —Å–æ—Å—á–∏—Ç–∞—Ç—å –≤—Å–µ—Ö –ø—Ä–µ–¥—Å—Ç–∞–≤–ª–µ–Ω–Ω—ã—Ö —Å–ª–æ–Ω–æ–≤, –ª–∏–±–æ –Ω–∞–π—Ç–∏ —Ç–æ–ª—å–∫–æ –ø—Ç–∏—Ü, –∏ —Ç–∞–∫ –¥–∞–ª–µ–µ ‚Äì —ç—Ç–æ –∑–∞–Ω—è—Ç–∏–µ –æ—Ç–ª–∏—á–Ω–æ —Ä–∞–∑–≤–∏–≤–∞–µ—Ç –≤–Ω–∏–º–∞–Ω–∏–µ –∏ —Å–æ—Å—Ä–µ–¥–æ—Ç–æ—á–µ–Ω–Ω–æ—Å—Ç—å.
‚†Ä–ü–æ–º–∏–º–æ —ç—Å—Ç–µ—Ç–∏—á–µ—Å–∫–æ–≥–æ –Ω–∞—Å–ª–∞–∂–¥–µ–Ω–∏—è, –ø–∞–∑–ª—ã –Ω–∞—É—á–∞—Ç –¥–µ—Ç–µ–π —É—Å–∏–¥—á–∏–≤–æ—Å—Ç–∏ –∏ —É–º–µ–Ω–∏—é –¥–æ–≤–æ–¥–∏—Ç—å –Ω–∞—á–∞—Ç–æ–µ –¥–µ–ª–æ –¥–æ –∫–æ–Ω—Ü–∞, –∞ —Ç–∞–∫–∂–µ –±—É–¥—É—Ç –ø–æ–ª–µ–∑–Ω—ã –¥–ª—è —Ä–∞—Å—à–∏—Ä–µ–Ω–∏—è –∫—Ä—É–≥–æ–∑–æ—Ä–∞.
‚†Ä–î–µ—Ç–∞–ª–∏ –ø–∞–∑–ª–∞ –∏–∑–≥–æ—Ç–æ–≤–ª–µ–Ω—ã –∏–∑ –ø—Ä–æ—á–Ω–æ–≥–æ –∏ –ø—Ä–∏—è—Ç–Ω–æ–≥–æ –Ω–∞–æ—â—É–ø—å –∫–∞—Ä—Ç–æ–Ω–∞, –∞ –∫—Ä–∞—Å–∏–≤–∞—è –∏ —É–¥–æ–±–Ω–∞—è –¥–ª—è —Ö—Ä–∞–Ω–µ–Ω–∏—è –∫–æ—Ä–æ–±–∫–∞ –¥–µ–ª–∞–µ—Ç –µ–≥–æ –∏–¥–µ–∞–ª—å–Ω—ã–º –ø–æ–¥–∞—Ä–∫–æ–º!
üë∂ –í–û–ó–†–ê–°–¢: –æ—Ç 3-—Ö –ª–µ—Ç
üß™ –ú–ê–¢–ï–†–ò–ê–õ:  –≤—ã—Å–æ–∫–æ–∫–∞—á–µ—Å—Ç–≤–µ–Ω–Ω—ã–π –∫–∞—Ä—Ç–æ–Ω 
üõçÔ∏è –£–ü–ê–ö–û–í–ö–ê: —Ü–≤–µ—Ç–Ω–∞—è –∫–æ—Ä–æ–±–∫–∞ 
üì¶ –ö–û–õ-–í–û –í –¢–†–ê–ù–°–ü–û–†–¢–ù–û–ô –ö–û–†–û–ë–ö–ï: 30 —à—Ç.
"
5,"–ú–ù–û–ì–û–§–£–ù–ö–¶–ò–û–ù–ê–õ–¨–ù–´–ô –†–ê–ó–í–ò–í–ê–Æ–©–ò–ô –ù–ê–ë–û–† ""2–≤1"" ¬´–®–∞—Ä–∏–∫–æ–≤–∞—è –º–æ–∑–∞–π–∫–∞ —Å –∫–∞—Ä—Ç–æ—á–∫–∞–º–∏ + –∏–≥—Ä–∞-—Å–æ—Ä—Ç–∏—Ä–æ–≤–∫–∞ –ø–æ —Ü–≤–µ—Ç—É¬ª
",–ú–æ–∑–∞–∏–∫–∞,1,3050,"http://localhost:8888/sabi/wp-content/uploads/2023/02/_1.jpg,http://localhost:8888/sabi/wp-content/uploads/2023/02/,http://localhost:8888/sabi/wp-content/uploads/2023/02/,http://localhost:8888/sabi/wp-content/uploads/2023/02/,http://localhost:8888/sabi/wp-content/uploads/2023/02/,http://localhost:8888/sabi/wp-content/uploads/2023/02/,http://localhost:8888/sabi/wp-content/uploads/2023/02/,http://localhost:8888/sabi/wp-content/uploads/2023/02/","üìå –û–ü–ò–°–ê–ù–ò–ï: –ú–Ω–æ–≥–æ—Ñ—É–Ω–∫—Ü–∏–æ–Ω–∞–ª—å–Ω—ã–π —Ä–∞–∑–≤–∏–≤–∞—é—â–∏–π –Ω–∞–±–æ—Ä —Å—Ç–∞–Ω–µ—Ç –æ—Ç–ª–∏—á–Ω—ã–º –≤—ã–±–æ—Ä–æ–º –¥–ª—è –¥–µ—Ç–µ–π, —Å–æ—á–µ—Ç–∞—é—â–∏–π –≤ —Å–µ–±–µ –Ω–µ—Å–∫–æ–ª—å–∫–æ —Ä–∞–∑–≤–∏–≤–∞—é—â–∏—Ö –∏–≥—Ä –¥–ª—è —Ä–∞–∑–Ω—ã—Ö –≤–æ–∑—Ä–∞—Å—Ç–æ–≤:
‚†Ä- –º–æ–∑–∞–π–∫–∏ –∏–∑ –¥–µ—Ä–µ–≤—è–Ω–Ω—ã—Ö —Ü–≤–µ—Ç–Ω—ã—Ö —à–∞—Ä–∏–∫–æ–≤ —Å –∫–∞—Ä—Ç–æ—á–∫–∞–º–∏-—Ç—Ä–∞—Ñ–∞—Ä–µ—Ç–∞–º–∏;
‚†Ä- –º–æ–∑–∞–π–∫–∏ –∏–∑ —Ü–≤–µ—Ç–Ω—ã—Ö —à–∞—Ä–∏–∫–æ–≤ —Å —è—Ä–∫–∏–º–∏ –∫–∞—Ä—Ç–æ—á–∫–∞–º–∏-–∫–∞—Ä—Ç–∏–Ω–∫–∞–º–∏; 
‚†Ä- –∏–≥—Ä—ã-—Å–æ—Ä—Ç–µ—Ä–∞ —Å —Å–∏–ª–∏–∫–æ–Ω–æ–≤—ã–º–∏ —Ñ–æ—Ä–º–æ—á–∫–∞–º–∏ –ø–æ–¥ —Ü–≤–µ—Ç —à–∞—Ä–∏–∫–æ–≤.
‚†Ä- –∏–≥—Ä—ã –Ω–∞ –ø–æ—Å—Ç—Ä–æ–µ–Ω–∏–µ –æ–±—å–µ–º–Ω—ã—Ö –ø–∏—Ä–∞–º–∏–¥–æ–∫ –∏–∑ —Ü–≤–µ—Ç–Ω—ã—Ö —à–∞—Ä–∏–∫–æ–≤;
‚†Ä- —Ä–∞–∑–Ω–æ–ø–ª–∞–Ω–æ–≤—ã—Ö –∏–≥—Ä –Ω–∞ –∑–∞—Ö–≤–∞—Ç —Ü–≤–µ—Ç–Ω—ã—Ö —à–∞—Ä–∏–∫–æ–≤ —â–∏–ø—á–∏–∫–æ–º, –ª–æ–∂–∫–æ–π –∏ –∫–∏—Ç–∞–π—Å–∫–∏–º–∏ –ø–∞–ª–æ—á–∫–∞–º–∏.
‚†Ä–í –ø—Ä–æ—Ü–µ—Å—Å–µ —É–≤–ª–µ–∫–∞—Ç–µ–ª—å–Ω–æ–π –∏–≥—Ä—ã —Ä–∞–∑–≤–∏–≤–∞–µ—Ç—Å—è –º–µ–ª–∫–∞—è –º–æ—Ç–æ—Ä–∏–∫–∞ —Ä—É–∫, –ª–æ–≥–∏—á–µ—Å–∫–æ–µ –∏ –ø—Ä–æ—Å—Ç—Ä–∞–Ω—Å—Ç–≤–µ–Ω–Ω–æ–µ –º—ã—à–ª–µ–Ω–∏–µ, –≤–Ω–∏–º–∞—Ç–µ–ª—å–Ω–æ—Å—Ç—å, —É—Å–∏–¥—á–∏–≤–æ—Å—Ç—å, —Ü–≤–µ—Ç–æ–≤–æ—Å–ø—Ä–∏—è—Ç–∏–µ, –∞ —Ç–∞–∫–∂–µ —Ñ–æ—Ä–º–∏—Ä—É–µ—Ç—Å—è –∞–±—Å—Ç—Ä–∞–∫—Ç–Ω–æ–µ –º—ã—à–ª–µ–Ω–∏–µ –∏ —Ñ–∞–Ω—Ç–∞–∑–∏—è.
‚†Ä–†–∞–±–æ—Ç–∞ —Å —â–∏–ø—Ü–∞–º–∏ –∏ –∫–∏—Ç–∞–π—Å–∫–∏–º–∏ –ø–∞–ª–æ—á–∫–∞–º–∏ –ø–æ–º–æ–≥–∞–µ—Ç –ø–æ–¥–≥–æ—Ç–æ–≤–∏—Ç—å —Ä—É–∫—É –∫ –ø–∏—Å—å–º—É, —Ä–∞–∑–≤–∏–≤–∞–µ—Ç –∫–æ–æ—Ä–¥–∏–Ω–∞—Ü–∏—é.
‚†Ä–ö–æ–º–ø–ª–µ–∫—Ç–∞—Ü–∏—è:
- –¥–µ—Ä–µ–≤—è–Ω–Ω–æ–µ –æ—Å–Ω–æ–≤–∞–Ω–∏–µ —Å –æ—Ç–≤–µ—Ä—Å—Ç–∏—è–º–∏ –¥–ª—è —à–∞—Ä–∏–∫–æ–≤;
- –ª–∞–º–∏–Ω–∏—Ä–æ–≤–∞–Ω–Ω—ã–µ –¥–≤—É—Å—Ç–æ—Ä–æ–Ω–Ω–∏–µ –∫–∞—Ä—Ç–æ—á–∫–∏-—Ç—Ä–∞—Ñ–∞—Ä–µ—Ç—ã (15 —à—Ç);
- –¥–µ—Ä–µ–≤—è–Ω–Ω—ã–µ —Ü–≤–µ—Ç–Ω—ã–µ —à–∞—Ä–∏–∫–∏ - 77 —à—Ç (7 —Ü–≤–µ—Ç–æ–≤ –ø–æ 11 —à—Ç);
- —Ü–≤–µ—Ç–Ω—ã–µ —Å–∏–ª–∏–∫–æ–Ω–æ–≤—ã–µ —Å—Ç–∞–∫–∞–Ω—á–∏–∫–∏ - 7 —à—Ç;
- —â–∏–ø—á–∏–∫;
- –∫–∏—Ç–∞–π—Å–∫–∏–µ –ø–∞–ª–æ—á–∫–∏;
- –¥–µ—Ä–µ–≤—è–Ω–Ω–∞—è –ª–æ–∂–µ—á–∫–∞.
üë∂ –í–û–ó–†–ê–°–¢: –æ—Ç 3-—Ö –ª–µ—Ç
üß™ –ú–ê–¢–ï–†–ò–ê–õ: –¥–µ—Ä–µ–≤–æ, –∫–∞—Ä—Ç–æ–Ω, —Å–∏–ª–∏–∫–æ–Ω
üõçÔ∏è –£–ü–ê–ö–û–í–ö–ê: —Ü–≤–µ—Ç–Ω–∞—è –∫–æ—Ä–æ–±–∫–∞ 
üì¶ –ö–û–õ-–í–û –í –¢–†–ê–ù–°–ü–û–†–¢–ù–û–ô –ö–û–†–û–ë–ö–ï: 24 —à—Ç.
"
6,"–ò–≥—Ä–æ–≤–∞—è –∂–µ–ª–µ–∑–Ω–∞—è –¥–æ—Ä–æ–≥–∞ —Å —ç–ª–µ–∫—Ç—Ä–æ–ø–æ–µ–∑–¥–æ–º ""–ì–æ—Ä–æ–¥—Å–∫–æ–π —ç–∫—Å–ø—Ä–µ—Å—Å"" (104 —ç–ª–µ–º–µ–Ω—Ç–æ–≤)
",–°—é–∂–µ—Ç–Ω–æ-—Ä–æ–ª–µ–≤—ã–µ –Ω–∞–±–æ—Ä—ã,1,9700,"http://localhost:8888/sabi/wp-content/uploads/2023/02/_1.jpg,http://localhost:8888/sabi/wp-content/uploads/2023/02/,http://localhost:8888/sabi/wp-content/uploads/2023/02/,http://localhost:8888/sabi/wp-content/uploads/2023/02/,http://localhost:8888/sabi/wp-content/uploads/2023/02/,http://localhost:8888/sabi/wp-content/uploads/2023/02/,http://localhost:8888/sabi/wp-content/uploads/2023/02/","‚û°Ô∏è –ó–∞—Ö–≤–∞—Ç—ã–≤–∞—é—â–∞—è –∏–≥—Ä–∞ –ñ–µ–ª–µ–∑–Ω–∞—è –¥–æ—Ä–æ–≥–∞ ""–ì–æ—Ä–æ–¥—Å–∫–æ–π —ç–∫—Å–ø—Ä–µ—Å—Å"" –≤ –ø–æ–¥–∞—Ä–æ—á–Ω–æ–º —á–µ–º–æ–¥–∞–Ω—á–∏–∫–µ, —Å—Ç–∞–Ω–µ—Ç –æ—Ç–ª–∏—á–Ω—ã–º –ø–æ–¥–∞—Ä–∫–æ–º –¥–ª—è —Ä–µ–±–µ–Ω–∫–∞ –Ω–∞ –ù–æ–≤—ã–π –≥–æ–¥, –î–µ–Ω—å —Ä–æ–∂–¥–µ–Ω–∏—è –∏–ª–∏ –ø—Ä–æ—Å—Ç–æ —Ç–∞–∫.
‚†Ä–ö–æ–º–ø–ª–µ–∫—Ç–∞—Ü–∏—è: –∂–µ–ª–µ–∑–Ω–∞—è –¥–æ—Ä–æ–≥–∞ –∏–∑ 104 —ç–ª–µ–º–µ–Ω—Ç–æ–≤ –∏ –∏–Ω—Å—Ç—Ä—É–∫—Ü–∏—è –ø–æ —Å–±–æ—Ä–∫–µ, —ç–ª–µ–∫—Ç—Ä–æ–ø–æ–µ–∑–¥ –∏–∑ —Ç—Ä–µ—Ö –≤–∞–≥–æ–Ω–æ–≤ –Ω–∞ –º–∞–≥–Ω–∏—Ç–Ω—ã—Ö —Å—Ü–µ–ø–ª–µ–Ω–∏—è—Ö, –≤—Å—è –∏–Ω—Ñ—Ä–∞—Å—Ç—Ä—É–∫—Ç—É—Ä–∞ –≥–æ—Ä–æ–¥–∞: –¥–æ—Ä–æ–∂–Ω—ã–µ –∑–Ω–∞–∫–∏, –ø–æ–ª–∏—Ü–µ–π—Å–∫–∏–π —É—á–∞—Å—Ç–æ–∫, –º–∞—à–∏–Ω—ã, –≤–µ—Ä—Ç–æ–ª–µ—Ç, —Ñ–∏–≥—É—Ä–∫–∞ –ø–æ–ª–∏—Ü–µ–π—Å–∫–æ–≥–æ, –º–æ—Å—Ç—ã –∏ —Ç—É–Ω–Ω–µ–ª–∏.
‚†Ä–ñ–µ–ª–µ–∑–Ω—É—é –¥–æ—Ä–æ–≥—É –º–æ–∂–Ω–æ —Å–æ–±–∏—Ä–∞—Ç—å –ø–æ —Å–≤–æ–µ–º—É –∂–µ–ª–∞–Ω–∏—é –±–ª–∞–≥–æ–¥–∞—Ä—è –ø—Ä–æ—Å—Ç–æ–º—É –∫—Ä–µ–ø–ª–µ–Ω–∏—é —ç–ª–µ–º–µ–Ω—Ç–æ–≤.
‚†Ä–°—é–∂–µ—Ç–Ω–æ-—Ä–æ–ª–µ–≤—ã–µ –∏–≥—Ä—ã —è–≤–ª—è—é—Ç—Å—è —ç—Ñ—Ñ–µ–∫—Ç–∏–≤–Ω—ã–º —Å—Ä–µ–¥—Å—Ç–≤–æ–º –¥–ª—è –æ–±—É—á–µ–Ω–∏—è –∏ —Ñ–æ—Ä–º–∏—Ä–æ–≤–∞–Ω–∏—è —É —Ä–µ–±–µ–Ω–∫–∞ –∫–æ–º–º—É–Ω–∏–∫–∞—Ç–∏–≤–Ω—ã—Ö, —Ä–µ—á–µ–≤—ã—Ö –∏ —Å–æ—Ü–∏–∞–ª—å–Ω—ã—Ö –Ω–∞–≤—ã–∫–æ–≤.
‚†Ä–†–∞–∑–≤–∏–≤–∞–µ—Ç –ª–æ–≥–∏—á–µ—Å–∫–æ–µ –∏ –ø—Ä–æ—Å—Ç—Ä–∞–Ω—Å—Ç–≤–µ–Ω–Ω–æ–µ –º—ã—à–ª–µ–Ω–∏–µ, –º–µ–ª–∫—É—é –º–æ—Ç–æ—Ä–∏–∫—É, –≤–Ω–∏–º–∞—Ç–µ–ª—å–Ω–æ—Å—Ç—å –∏ –≤–æ–æ–±—Ä–∞–∂–µ–Ω–∏–µ.
üë∂ –í–û–ó–†–ê–°–¢: –æ—Ç 3-–ª–µ—Ç
üß™ –ú–ê–¢–ï–†–ò–ê–õ: –ø–ª–∞—Å—Ç–∏–∫
üõçÔ∏è –£–ü–ê–ö–û–í–ö–ê: —Ü–≤–µ—Ç–Ω–∞—è –∫–∞—Ä—Ç–æ–Ω–Ω–∞—è –∫–æ—Ä–æ–±–∫–∞
üì¶ –ö–û–õ-–í–û –í –¢–†–ê–ù–°–ü–û–†–¢–ù–û–ô –ö–û–†–û–ë–ö–ï: 18 —à—Ç.
"
